obs_id	image_cluster
AAACAAGTATCTCCCA-1	image_cluster_0
AAACAATCTACTAGCA-1	image_cluster_0
AAACACCAATAACTGC-1	image_cluster_4
AAACAGAGCGACTCCT-1	image_cluster_4
AAACCGGGTAGGTACC-1	image_cluster_0
AAACCGTTCGTCCAGG-1	image_cluster_3
AAACCTCATGAAGTTG-1	image_cluster_0
AAACGAAGAACATACC-1	image_cluster_0
AAACGAGACGGTTGAT-1	image_cluster_3
AAACGGTTGCGAACTG-1	image_cluster_1
AAACTCGGTTCGCAAT-1	image_cluster_1
AAACTGCTGGCTCCAA-1	image_cluster_1
AAACTTGCAAACGTAT-1	image_cluster_4
AAAGACCCAAGTCGCG-1	image_cluster_4
AAAGGCCCTATAATAC-1	image_cluster_0
AAAGGCTACGGACCAT-1	image_cluster_1
AAAGGCTCTCGCGCCG-1	image_cluster_3
AAAGGGATGTAGCAAG-1	image_cluster_1
AAAGGGCAGCTTGAAT-1	image_cluster_4
AAAGTAGCATTGCTCA-1	image_cluster_4
AAAGTCACTGATGTAA-1	image_cluster_4
AAAGTCGACCCTCAGT-1	image_cluster_2
AAAGTGTGATTTATCT-1	image_cluster_1
AAAGTTGACTCCCGTA-1	image_cluster_0
AAATAACCATACGGGA-1	image_cluster_4
AAATACCTATAAGCAT-1	image_cluster_4
AAATAGCTTAGACTTT-1	image_cluster_4
AAATAGGGTGCTATTG-1	image_cluster_1
AAATCGTGTACCACAA-1	image_cluster_1
AAATGCTCGTTACGTT-1	image_cluster_0
AAATGGCATGTCTTGT-1	image_cluster_1
AAATGGCCCGTGCCCT-1	image_cluster_0
AAATGGTCAATGTGCC-1	image_cluster_1
AAATTAACGGGTAGCT-1	image_cluster_3
AAATTACACGACTCTG-1	image_cluster_1
AAATTACCTATCGATG-1	image_cluster_0
AAATTGATAGTCCTTT-1	image_cluster_0
AAATTGCGGCGGTTCT-1	image_cluster_0
AAATTTGCGGGTGTGG-1	image_cluster_0
AACAACTGGTAGTTGC-1	image_cluster_3
AACAATACATTGTCGA-1	image_cluster_0
AACAATTACTCTACGC-1	image_cluster_0
AACACACGCTCGCCGC-1	image_cluster_1
AACACGACTGTACTGA-1	image_cluster_3
AACACGAGACGCGGCC-1	image_cluster_0
AACACGCGGCCGCGAA-1	image_cluster_0
AACAGCTGTGTGGCAA-1	image_cluster_0
AACAGGAAATCGAATA-1	image_cluster_4
AACAGGATGGGCCGCG-1	image_cluster_4
AACATATCAACTGGTG-1	image_cluster_0
AACATTGAAGTTGATC-1	image_cluster_0
AACATTGTGACTCGAG-1	image_cluster_3
AACCAAGACTTCTCTG-1	image_cluster_4
AACCATGGGATCGCTA-1	image_cluster_3
AACCCAGAGACGGAGA-1	image_cluster_4
AACCCTACTGTCAATA-1	image_cluster_0
AACCCTGGTGGAACCA-1	image_cluster_4
AACCGAGCTTGGTCAT-1	image_cluster_4
AACCGCTAAGGGATGC-1	image_cluster_4
AACCGTTGTGTTTGCT-1	image_cluster_0
AACCTCGCTTTAGCCC-1	image_cluster_1
AACCTTTAAATACGGT-1	image_cluster_1
AACCTTTACGACGTCT-1	image_cluster_4
AACGATAATGCCGTAG-1	image_cluster_1
AACGATAGAAGGGCCG-1	image_cluster_0
AACGATATGTCAACTG-1	image_cluster_1
AACGCGAACGGCAACA-1	image_cluster_0
AACGCGACCTTGGGCG-1	image_cluster_2
AACGCGGTCTCCAGCC-1	image_cluster_3
AACGCTGTTGCTGAAA-1	image_cluster_1
AACGGACGTACGTATA-1	image_cluster_1
AACGGCCATCTCCGGT-1	image_cluster_1
AACGTACTGTGGGTAC-1	image_cluster_3
AACGTCAGACTAGTGG-1	image_cluster_3
AACGTGATGAAGGACA-1	image_cluster_1
AACGTGCGAAAGTCTC-1	image_cluster_4
AACTAGCGTATCGCAC-1	image_cluster_4
AACTAGGCTTGGGTGT-1	image_cluster_4
AACTCAAGTTAATTGC-1	image_cluster_1
AACTCCAGAGCGTGTT-1	image_cluster_1
AACTCCTAATCCCATG-1	image_cluster_0
AACTCGATGGCGCAGT-1	image_cluster_0
AACTCTCAATAGAGCG-1	image_cluster_1
AACTCTCAGTGTGCTC-1	image_cluster_1
AACTGATATTAGGCCT-1	image_cluster_1
AACTGGGTCCCGACGT-1	image_cluster_4
AACTGGTGTGGGCCTT-1	image_cluster_1
AACTTCTGCGTCTATC-1	image_cluster_4
AACTTGCCCGTATGCA-1	image_cluster_0
AACTTGCGTTCTCGCG-1	image_cluster_0
AACTTTAGCTGCTGAG-1	image_cluster_0
AAGAAGGATCAGTTAG-1	image_cluster_0
AAGACCCAACTGAACA-1	image_cluster_1
AAGACTAACCCGTTGT-1	image_cluster_0
AAGACTGCAAGCTACT-1	image_cluster_0
AAGAGATGAATCGGTA-1	image_cluster_4
AAGAGCTCTTTATCGG-1	image_cluster_3
AAGAGGATGTACGCGA-1	image_cluster_0
AAGAGGCATGGATCGC-1	image_cluster_1
AAGATGGCACCGGACC-1	image_cluster_1
AAGATTGGCGGAACGT-1	image_cluster_0
AAGCACCCTGCGTATC-1	image_cluster_1
AAGCATACTCTCCTGA-1	image_cluster_1
AAGCCGCCGTGAAATC-1	image_cluster_0
AAGCGTCCCTCATCGA-1	image_cluster_0
AAGCTAGATCGAGTAA-1	image_cluster_1
AAGCTCGTGCCAAGTC-1	image_cluster_0
AAGCTCTTTCATGGTG-1	image_cluster_1
AAGGAGAACTTATAAG-1	image_cluster_2
AAGGAGCGGTTGGTGC-1	image_cluster_3
AAGGATGAGGGACCTC-1	image_cluster_1
AAGGCGCGTAAAGCTT-1	image_cluster_3
AAGGCTGTGCTCATCG-1	image_cluster_0
AAGGGAACGACTGGCT-1	image_cluster_0
AAGGGACAGATTCTGT-1	image_cluster_0
AAGGGACTATGCATTC-1	image_cluster_0
AAGGTATCCTAATATA-1	image_cluster_1
AAGGTGATAAACCAGC-1	image_cluster_1
AAGTAGAAGACCGGGT-1	image_cluster_4
AAGTAGTGACGCGAGG-1	image_cluster_0
AAGTCAATTGTCGTCA-1	image_cluster_4
AAGTGACGACCGAATT-1	image_cluster_4
AAGTGAGTCGGGTTTA-1	image_cluster_4
AAGTGCCTTGACTGTA-1	image_cluster_0
AAGTGCGTTAGAATCT-1	image_cluster_0
AAGTGCTTCTCTATTG-1	image_cluster_4
AAGTGTTTGGAGACGG-1	image_cluster_1
AAGTTCACTCCAAGCT-1	image_cluster_1
AAGTTCGGCCAACAGG-1	image_cluster_0
AAGTTTACTAATGGCA-1	image_cluster_4
AATAACAACGCTCGGC-1	image_cluster_0
AATAACACTAGAACAA-1	image_cluster_4
AATAAGTCCTCGAGAC-1	image_cluster_1
AATACAATGTTTCAGG-1	image_cluster_0
AATACCGGAGGGCTGT-1	image_cluster_4
AATAGAACAGAGTGGC-1	image_cluster_1
AATAGAATCTGTTTCA-1	image_cluster_1
AATAGTCCGTCCCGAC-1	image_cluster_1
AATATCAAGGTCGGAT-1	image_cluster_4
AATATCGAGGGTTCTC-1	image_cluster_0
AATATTGGAGTATTGA-1	image_cluster_0
AATCAGACTGCAGGAC-1	image_cluster_0
AATCAGGTTTCATTTA-1	image_cluster_4
AATCATGTAAAGACTC-1	image_cluster_1
AATCCAAGGGCCTGAG-1	image_cluster_3
AATCCATGCAAGGGTG-1	image_cluster_0
AATCGCCTCAGCGCCA-1	image_cluster_1
AATCGGGACACTACGA-1	image_cluster_1
AATCTAGGTTTACTTG-1	image_cluster_0
AATCTGCGTTGGGACG-1	image_cluster_1
AATCTGGCTTTCTAGT-1	image_cluster_2
AATGACAGCAATGTCT-1	image_cluster_4
AATGACGTAGGATGTC-1	image_cluster_1
AATGACTGTCAGCCGG-1	image_cluster_4
AATGAGTTCGCATATG-1	image_cluster_0
AATGATGATACGCTAT-1	image_cluster_1
AATGATGCGACTCCTG-1	image_cluster_4
AATGCAACCGGGTACC-1	image_cluster_1
AATGCACCAAGCAATG-1	image_cluster_0
AATGGTTCTCACAAGC-1	image_cluster_4
AATGTGCCCGAGGTGT-1	image_cluster_0
AATGTGCTAATCTGAG-1	image_cluster_0
AATTAAAGGTCGGCGT-1	image_cluster_1
AATTAACGGATTTCCA-1	image_cluster_1
AATTAGCGCTGCAGCG-1	image_cluster_1
AATTCATAAGGGATCT-1	image_cluster_1
AATTCCAAGCATGTAC-1	image_cluster_4
AATTCTAGAGTTAGGC-1	image_cluster_3
AATTGAACGCTCTGGT-1	image_cluster_1
AATTTGGGACATAGTA-1	image_cluster_0
AATTTGGTTCCAAAGA-1	image_cluster_0
ACAAACCATGCGTCCT-1	image_cluster_4
ACAAATCGCACCGAAT-1	image_cluster_1
ACAAATGGTAGTGTTT-1	image_cluster_1
ACAACAGCATGAGCTA-1	image_cluster_1
ACAACGGTCCCTGCGA-1	image_cluster_4
ACAAGCAGTGCCTAGC-1	image_cluster_0
ACAAGGAAATCCGCCC-1	image_cluster_1
ACAAGGACAAGAGGTT-1	image_cluster_1
ACAAGGATGCTTTAGG-1	image_cluster_1
ACAAGGGCAGGCTCTG-1	image_cluster_3
ACAATAGTCGTACGTT-1	image_cluster_0
ACAATCCATTTAAACC-1	image_cluster_0
ACAATGAATACGGAGA-1	image_cluster_0
ACAATTGTGTCTCTTT-1	image_cluster_1
ACAATTTGAGCAGTGG-1	image_cluster_1
ACACAAAGACGGGTGG-1	image_cluster_0
ACACACCAGGACCAGT-1	image_cluster_1
ACACACTTTCTACACG-1	image_cluster_0
ACACATGATCAAATCT-1	image_cluster_4
ACACCCAGCATGCAGC-1	image_cluster_4
ACACCCGAGAAATCCG-1	image_cluster_4
ACACCGGTCTGACCGC-1	image_cluster_0
ACACCTTAAGTAGGGC-1	image_cluster_3
ACACGAGACTCCTTCT-1	image_cluster_4
ACACGGCACTATGCAT-1	image_cluster_4
ACACGGGAACTTAGGG-1	image_cluster_4
ACACTCCAATGTCACT-1	image_cluster_3
ACACTGATCAAGGTGT-1	image_cluster_1
ACAGAACTGAGAACAA-1	image_cluster_0
ACAGATTAGGTTAGTG-1	image_cluster_0
ACAGCATAGAGCCAGT-1	image_cluster_4
ACAGCGCACCCGCAGC-1	image_cluster_1
ACAGGCTTGCCCGACT-1	image_cluster_1
ACAGGTGGAGGTGAGG-1	image_cluster_3
ACATAATAAGGCGGTG-1	image_cluster_1
ACATCCCGGCCATACG-1	image_cluster_4
ACATCCTGGTAACTGT-1	image_cluster_0
ACATCGATCGTTTACC-1	image_cluster_1
ACATCGGTCAGCCGCG-1	image_cluster_1
ACATCGTATGCAATGG-1	image_cluster_1
ACATCGTTAACCTAGT-1	image_cluster_1
ACATGGCGCCAAAGTA-1	image_cluster_4
ACATTAGTTTATATCC-1	image_cluster_1
ACCAACGCTTATTTAT-1	image_cluster_1
ACCAAGAACGCGTGTC-1	image_cluster_0
ACCAATATGCAAGTTA-1	image_cluster_1
ACCACAACTCAGAACA-1	image_cluster_2
ACCACAAGTTTCTATC-1	image_cluster_0
ACCACGTGCAGCTATA-1	image_cluster_1
ACCAGGAGTGTGATCT-1	image_cluster_1
ACCAGTGCGGGAGACG-1	image_cluster_4
ACCATATCCGCAATAA-1	image_cluster_0
ACCATCGTATATGGTA-1	image_cluster_1
ACCCAACGCCCGTGGC-1	image_cluster_1
ACCCACCTACATGCTC-1	image_cluster_4
ACCCATCTTGAGGGTA-1	image_cluster_4
ACCCGAGCGAAATTAC-1	image_cluster_0
ACCCGATTGGTTCCGA-1	image_cluster_4
ACCCGGAAACTCCCAG-1	image_cluster_1
ACCCGGATGACGCATC-1	image_cluster_3
ACCCGGTTACACTTCC-1	image_cluster_1
ACCCGTGTCATCAGTA-1	image_cluster_3
ACCCTATAGGACTGAG-1	image_cluster_0
ACCCTATGCCATATCG-1	image_cluster_1
ACCCTCCCTTGCTATT-1	image_cluster_1
ACCCTTCATCTGCGAA-1	image_cluster_0
ACCGAAAGGGCCCTGC-1	image_cluster_0
ACCGACACATCTCCCA-1	image_cluster_1
ACCGACTGAGTCCCAC-1	image_cluster_4
ACCGATGGTAGCATCG-1	image_cluster_1
ACCGCAATAACTGCCT-1	image_cluster_1
ACCGCGGTGGAAGTCG-1	image_cluster_4
ACCGGGCCTTTGTTGA-1	image_cluster_4
ACCGGTCAGGTACACC-1	image_cluster_2
ACCGTGACCACGTGGG-1	image_cluster_1
ACCGTTCCCGCTCTGA-1	image_cluster_0
ACCTAAGTACCTTTCA-1	image_cluster_0
ACCTAATCGACTTCCT-1	image_cluster_0
ACCTCGAACTTATGCT-1	image_cluster_2
ACCTGCGTGTCATGTT-1	image_cluster_0
ACGAAATGGGCGGCAC-1	image_cluster_0
ACGACTGGTCATACTC-1	image_cluster_3
ACGAGAACCCATCACG-1	image_cluster_0
ACGAGATATTTGCTTA-1	image_cluster_1
ACGAGGATACCACTCT-1	image_cluster_4
ACGATACATAGAACTA-1	image_cluster_1
ACGATCATACATAGAG-1	image_cluster_4
ACGATCATCTTGTAAA-1	image_cluster_1
ACGATGCATATGTTAT-1	image_cluster_0
ACGATGGATCCGATGC-1	image_cluster_4
ACGCAAACTAATAGAT-1	image_cluster_4
ACGCATTCGTGAGTAC-1	image_cluster_3
ACGCCAGATGATTTCT-1	image_cluster_1
ACGCCGCTAGACGACC-1	image_cluster_3
ACGCGAAGTCAGACGA-1	image_cluster_0
ACGCGCTACACAGGGT-1	image_cluster_0
ACGCGGGCCAAGGACA-1	image_cluster_3
ACGCTAGTGATACACT-1	image_cluster_0
ACGGAATTTAGCAAAT-1	image_cluster_3
ACGGACTCTCAAAGCG-1	image_cluster_1
ACGGATGGTGCGGATA-1	image_cluster_1
ACGGCACTTGCTTGGG-1	image_cluster_1
ACGGCCAACATGGACT-1	image_cluster_1
ACGGCGACGATGGGAA-1	image_cluster_1
ACGGCGGGTTGCCCTG-1	image_cluster_3
ACGGGAGTGTCGGCCC-1	image_cluster_0
ACGGTCACCGAGAACA-1	image_cluster_3
ACGTACAGATTTCTCT-1	image_cluster_4
ACGTACTTTGGCACGG-1	image_cluster_4
ACGTAGATTGCTGATG-1	image_cluster_1
ACGTATTACTCCGATC-1	image_cluster_1
ACGTGCGCCTCGTGCA-1	image_cluster_3
ACGTTAATGTCGAAGA-1	image_cluster_3
ACGTTAGATTTGCCCG-1	image_cluster_0
ACGTTCCGCGCTCCGT-1	image_cluster_1
ACGTTCGTTCAGGAAA-1	image_cluster_1
ACGTTTAGTTGTGATC-1	image_cluster_4
ACTACATCCCGACAAG-1	image_cluster_3
ACTACCAGCTCTCTGG-1	image_cluster_3
ACTACGCGTTAGAATT-1	image_cluster_1
ACTAGTTGCGATCGTC-1	image_cluster_4
ACTATGTCCAGCTGCC-1	image_cluster_0
ACTATTCGTCCGTGGT-1	image_cluster_1
ACTATTTCCGGGCCCA-1	image_cluster_1
ACTCAACGAATGTATT-1	image_cluster_0
ACTCAAGTGCAAGGCT-1	image_cluster_1
ACTCAATAAAGGCACG-1	image_cluster_4
ACTCAGACCTGCTTCT-1	image_cluster_0
ACTCATGGCAGCCTTC-1	image_cluster_4
ACTCCAATATCATCAT-1	image_cluster_0
ACTCCCATTCCTAAAG-1	image_cluster_0
ACTCCCGAATTCGTTT-1	image_cluster_4
ACTCCCTAATGCTAAA-1	image_cluster_1
ACTCCCTAGAATAGTA-1	image_cluster_1
ACTCGTAACCCGTCCT-1	image_cluster_0
ACTCGTCAGTAATCCC-1	image_cluster_3
ACTCTCTGACTTAGGT-1	image_cluster_1
ACTCTCTTATACACGA-1	image_cluster_3
ACTCTTGTATAGTAAC-1	image_cluster_1
ACTGAAACGCCGTTAG-1	image_cluster_1
ACTGAATGGCGAAAGT-1	image_cluster_1
ACTGCCCGCCATTCTC-1	image_cluster_0
ACTGCCGTCGTAACTC-1	image_cluster_1
ACTGTACGATACACAT-1	image_cluster_1
ACTGTAGCACTTTGGA-1	image_cluster_0
ACTGTATACGCGAGCA-1	image_cluster_0
ACTGTCCAGGATTATA-1	image_cluster_1
ACTGTCTTCTTTAGAA-1	image_cluster_4
ACTGTGCTAGTAGATC-1	image_cluster_0
ACTTACCGGGCGCGCA-1	image_cluster_3
ACTTACGCATCCACGC-1	image_cluster_1
ACTTAGTACGACAAGA-1	image_cluster_0
ACTTATACTTACCCGG-1	image_cluster_1
ACTTATCTGATCTATA-1	image_cluster_2
ACTTATTAGGATCGGT-1	image_cluster_1
ACTTATTTATGTGCCA-1	image_cluster_1
ACTTCAGGCTGATCCC-1	image_cluster_1
ACTTCCATGCGGGACA-1	image_cluster_1
ACTTCGCCATACGCAC-1	image_cluster_3
ACTTGACTCCCTCTTT-1	image_cluster_3
ACTTGCCATATTGTAC-1	image_cluster_1
ACTTGGGACCCGGTGG-1	image_cluster_0
ACTTTACCCTCATGAA-1	image_cluster_4
ACTTTCCTATAGCTTC-1	image_cluster_4
AGAACGTGGTACATTC-1	image_cluster_1
AGAAGGTTGCCGAATT-1	image_cluster_1
AGAAGGTTGTAGGTCG-1	image_cluster_1
AGAAGTGATTCGTGAT-1	image_cluster_0
AGAATTATGGATTCGA-1	image_cluster_0
AGAATTGTTTGACATA-1	image_cluster_0
AGACATAGATCCTTCC-1	image_cluster_3
AGACCATGGGATACAA-1	image_cluster_3
AGACCCACCGCTGATC-1	image_cluster_1
AGACCCGCCCTCCTCG-1	image_cluster_4
AGACCGGGAAACCCTG-1	image_cluster_0
AGACGAAGTGCCGGTC-1	image_cluster_1
AGACGACGATGCCGCT-1	image_cluster_3
AGACTAGCCTTCCAGA-1	image_cluster_3
AGACTGTTACCGGGTC-1	image_cluster_4
AGAGAAACACCAGAAA-1	image_cluster_0
AGAGAACCGTCTAGGA-1	image_cluster_1
AGAGAAGGAGTACAAT-1	image_cluster_0
AGAGATCTCTAAAGCG-1	image_cluster_0
AGAGCAGTTATGAGAC-1	image_cluster_0
AGAGCGGGCTAATCAT-1	image_cluster_3
AGAGCGTACAAGCTCG-1	image_cluster_4
AGAGGCTTCGGAAACC-1	image_cluster_1
AGAGGTATCTCGGTCC-1	image_cluster_0
AGAGTAAACTTCACTA-1	image_cluster_4
AGATAACTTCAGGGCC-1	image_cluster_0
AGATACCGGTGTTCAC-1	image_cluster_1
AGATACGACTTCATAT-1	image_cluster_0
AGATACTCAAGATCGA-1	image_cluster_1
AGATATAATACGACTA-1	image_cluster_1
AGATCGTGCATAAGAT-1	image_cluster_1
AGATCTCAGGTGTGAT-1	image_cluster_3
AGATGACTCGCCCACG-1	image_cluster_4
AGATGATGGAGTCTGG-1	image_cluster_0
AGATGCAAGACGTGCA-1	image_cluster_0
AGATTATAGGACGTTT-1	image_cluster_3
AGCAAAGGCCGCTAGT-1	image_cluster_1
AGCAACATATCTTATT-1	image_cluster_1
AGCAACCGAAAGTAAT-1	image_cluster_0
AGCACACGTTTAGACT-1	image_cluster_3
AGCACCAGTACTCACG-1	image_cluster_0
AGCACTACCGGCCTGT-1	image_cluster_0
AGCACTACCTCACCAG-1	image_cluster_1
AGCACTTAAGGACGCC-1	image_cluster_0
AGCAGAAGGAGAAAGA-1	image_cluster_1
AGCAGCCAGATGAATA-1	image_cluster_1
AGCATATCAATATGCT-1	image_cluster_4
AGCATCATTTCGAAAG-1	image_cluster_4
AGCATCGTCGATAATT-1	image_cluster_0
AGCCAAGCTTTGTGTC-1	image_cluster_1
AGCCACTCCCGTGCTT-1	image_cluster_3
AGCCCATACATGTAAG-1	image_cluster_0
AGCCCGGCATTAGAGG-1	image_cluster_0
AGCCCGGTAGCCTGTA-1	image_cluster_4
AGCCCTAAGCGAAGTT-1	image_cluster_1
AGCCCTCCCTGGTGGC-1	image_cluster_0
AGCCGTGGCTAAATGT-1	image_cluster_4
AGCGACAGGAACGGTC-1	image_cluster_1
AGCGACATCCCATTCA-1	image_cluster_1
AGCGACCAACGATATT-1	image_cluster_4
AGCGAGACGTGAAGGC-1	image_cluster_0
AGCGCATAATGAATCG-1	image_cluster_3
AGCGCGGGTGCCAATG-1	image_cluster_3
AGCGGACACTTCGTAG-1	image_cluster_1
AGCGGGAAGGGTCCAT-1	image_cluster_3
AGCGGGTCTGACACTC-1	image_cluster_1
AGCGTACGAGAGCTAG-1	image_cluster_0
AGCGTCTGAACCCGCA-1	image_cluster_3
AGCGTGGTATTCTACT-1	image_cluster_1
AGCTAACAAGCAATGT-1	image_cluster_4
AGCTAGAAGCAGAAGT-1	image_cluster_4
AGCTATTTAATCCAAC-1	image_cluster_3
AGCTCCTTCGCACATC-1	image_cluster_1
AGCTCTAGACGTTCCA-1	image_cluster_1
AGCTCTTCCCAGTGCA-1	image_cluster_3
AGCTCTTTACTCAGTT-1	image_cluster_1
AGCTGAAGTAAACCAA-1	image_cluster_1
AGCTGTAACCTCAATC-1	image_cluster_0
AGCTTATAGAGACCTG-1	image_cluster_4
AGCTTGATCTTAACTT-1	image_cluster_0
AGGAAGCTGTCCGCCG-1	image_cluster_1
AGGACAGTCGAATCCC-1	image_cluster_1
AGGACATCGCACGTCG-1	image_cluster_3
AGGACGACCCATTAGA-1	image_cluster_1
AGGACGCTCGATGTTG-1	image_cluster_1
AGGAGGCCTTCGCGCG-1	image_cluster_3
AGGATAAAGTCGGGAT-1	image_cluster_1
AGGATATAGGGATTTA-1	image_cluster_4
AGGATCACGCGATCTG-1	image_cluster_0
AGGCAGATGCGTAAAC-1	image_cluster_1
AGGCAGGGAGCGTACT-1	image_cluster_3
AGGCATTGTCGTAGGG-1	image_cluster_0
AGGCCACCCGTTATGA-1	image_cluster_3
AGGCCCATTGTACAGG-1	image_cluster_0
AGGCCCTAGAACGCCA-1	image_cluster_3
AGGCCTGAGAATCTCG-1	image_cluster_1
AGGCGGTTTGTCCCGC-1	image_cluster_4
AGGCTATGGTTAGCTT-1	image_cluster_4
AGGCTTCCCGAAGAAG-1	image_cluster_1
AGGCTTGCTAGACACC-1	image_cluster_0
AGGGAAACGAGGTACT-1	image_cluster_1
AGGGACAGCACGGCGG-1	image_cluster_0
AGGGACTCTACGCGAC-1	image_cluster_3
AGGGCAGCGGCGTGGT-1	image_cluster_1
AGGGCGAGCAGCTGAT-1	image_cluster_0
AGGGCGTGATCGGCTA-1	image_cluster_0
AGGGCTGCAGTTACAG-1	image_cluster_0
AGGGTCGATGCGAACT-1	image_cluster_0
AGGGTGCCGTTCTTTA-1	image_cluster_0
AGGGTGCTCTCGAGGG-1	image_cluster_1
AGGGTTCCCTTTGGTT-1	image_cluster_1
AGGGTTTAGTTCGGGA-1	image_cluster_1
AGGTAACCTCCTATTC-1	image_cluster_3
AGGTACGATATTGCCA-1	image_cluster_3
AGGTAGATCGAGATAT-1	image_cluster_0
AGGTAGGTACAAAGCT-1	image_cluster_3
AGGTCAGGTGAGAGTG-1	image_cluster_0
AGGTGGTGACCTTCGC-1	image_cluster_1
AGGTGTATCGCCATGA-1	image_cluster_0
AGGTTGAGGCACGCTT-1	image_cluster_3
AGGTTTCACACACCTT-1	image_cluster_3
AGTAATGTCTTGCCGC-1	image_cluster_3
AGTACGGGCACCTGGC-1	image_cluster_1
AGTACTCTTATGCCCA-1	image_cluster_1
AGTAGGTAACATACAT-1	image_cluster_1
AGTATAATACTAGGCA-1	image_cluster_4
AGTATACACAGCGACA-1	image_cluster_4
AGTATCCATAATAACG-1	image_cluster_0
AGTATGCTGGAGACCA-1	image_cluster_4
AGTATTTGGCACGACC-1	image_cluster_1
AGTCAAATGATGTGAT-1	image_cluster_0
AGTCAACACCACCATC-1	image_cluster_1
AGTCAAGATGACACTT-1	image_cluster_1
AGTCACTAGCTCTCGA-1	image_cluster_4
AGTCACTCCGCCTCAT-1	image_cluster_0
AGTCAGCCACCGCCTG-1	image_cluster_0
AGTCCATTGGCTGATG-1	image_cluster_1
AGTCCCGCCTTTAATT-1	image_cluster_1
AGTCGACGGTCTCAAG-1	image_cluster_1
AGTCGGCCCAAACGAC-1	image_cluster_3
AGTCGGCTCAACTTTA-1	image_cluster_0
AGTCGTCGACCACCAA-1	image_cluster_1
AGTCGTGGGCATTACG-1	image_cluster_0
AGTCTCACAAGACTAC-1	image_cluster_0
AGTCTTCTCCTCAAAT-1	image_cluster_3
AGTGAACAAACTTCTC-1	image_cluster_0
AGTGACCTACTTTACG-1	image_cluster_1
AGTGACTGTGACACAA-1	image_cluster_0
AGTGAGACTTCCAGTA-1	image_cluster_1
AGTGAGCCTCGCCGCC-1	image_cluster_4
AGTGATAACCTGCGCG-1	image_cluster_1
AGTGATATGAGTAGTT-1	image_cluster_1
AGTGATTCAAGCAGGA-1	image_cluster_1
AGTGCACGCTTAAGAA-1	image_cluster_1
AGTGCGTAGCTCGTAA-1	image_cluster_1
AGTGCTAAACACAGCA-1	image_cluster_3
AGTGCTTGCACGAATA-1	image_cluster_1
AGTGGCGGCAATTTGA-1	image_cluster_0
AGTGGCGTCTGAAGGT-1	image_cluster_4
AGTGTATTGCGCATTG-1	image_cluster_0
AGTGTGGTCTATTGTG-1	image_cluster_0
AGTTAAACACTTGCGA-1	image_cluster_1
AGTTAAGCGGTCCCGG-1	image_cluster_1
AGTTAAGTCAACCGCT-1	image_cluster_0
AGTTACTCTATCGTGG-1	image_cluster_0
AGTTCCTACAGAATTA-1	image_cluster_0
AGTTCCTATTTATGTT-1	image_cluster_3
AGTTCTGCGTTGTATC-1	image_cluster_3
AGTTGACATCGGCTGG-1	image_cluster_0
AGTTGACGGTCCTTGC-1	image_cluster_4
AGTTGCTGACTGATAT-1	image_cluster_0
AGTTTCGCAGGTCGGA-1	image_cluster_0
AGTTTGCACCTGCCTC-1	image_cluster_1
AGTTTGGCACGGGTTG-1	image_cluster_0
AGTTTGGCCAGACCTA-1	image_cluster_0
ATAAACCATTGGACGG-1	image_cluster_0
ATAAACGGACCCGTAA-1	image_cluster_0
ATAAAGGCTCGGTCGT-1	image_cluster_1
ATAAATATTAGCAGCT-1	image_cluster_0
ATAACGCCGGAGGGTC-1	image_cluster_1
ATAACGGAGTCCAACG-1	image_cluster_3
ATAAGGTGGAGAACAT-1	image_cluster_1
ATAAGTTACCGCGACG-1	image_cluster_1
ATAATAGCTGTTGAAT-1	image_cluster_0
ATAATAGTGTAGGGAC-1	image_cluster_0
ATAATCTTGGAGAACC-1	image_cluster_1
ATAATTAGCTAAGTAG-1	image_cluster_4
ATACAGGCCCTCCAAT-1	image_cluster_1
ATACCACGGGCAACTT-1	image_cluster_0
ATACCAGCAAATTGCT-1	image_cluster_1
ATACCAGGCTAATAGA-1	image_cluster_4
ATACCTAACCAAGAAA-1	image_cluster_1
ATACGCCGATCTACCG-1	image_cluster_2
ATACGCCGGCGAAACC-1	image_cluster_3
ATACGGAACGTCGTTT-1	image_cluster_4
ATACGGGTTTCGATTG-1	image_cluster_1
ATACGTACTTAGCCAC-1	image_cluster_1
ATACGTCCACTCCTGT-1	image_cluster_1
ATACGTTATGCACGGA-1	image_cluster_4
ATACTAGCATGACCCT-1	image_cluster_3
ATACTCTCGCCACTCT-1	image_cluster_0
ATACTGCCTTACACCG-1	image_cluster_1
ATAGACAACGGGACCT-1	image_cluster_0
ATAGACGAAGAGAAAG-1	image_cluster_1
ATAGAGTACTGGGACA-1	image_cluster_3
ATAGAGTTATCAACTT-1	image_cluster_4
ATAGGCGGCTATAGAA-1	image_cluster_4
ATAGGCTAGCTTCGCA-1	image_cluster_0
ATAGGGATATCCTTGA-1	image_cluster_0
ATAGGTTGGGCAGATG-1	image_cluster_4
ATAGTCTTTGACGTGC-1	image_cluster_1
ATAGTGAAGCGTTCTC-1	image_cluster_1
ATAGTTCCACCCACTC-1	image_cluster_0
ATATAAAGCGCTCGTG-1	image_cluster_1
ATATAAATGTAGCTGC-1	image_cluster_1
ATATCAACCTACAGAG-1	image_cluster_4
ATATCGTTCCTCGAAC-1	image_cluster_4
ATATCTCCCTCGTTAA-1	image_cluster_1
ATATCTTAGGGCCTTC-1	image_cluster_1
ATATGTCTCCCTAGCC-1	image_cluster_0
ATATTCAGTTAAACCT-1	image_cluster_0
ATATTCCACATAGTGA-1	image_cluster_1
ATATTCCCACAGGTCA-1	image_cluster_4
ATATTGCTGTCAAAGT-1	image_cluster_4
ATATTTAACCCTCAAG-1	image_cluster_3
ATCAAACACTGTTCCA-1	image_cluster_4
ATCAAACGAAGGTTTG-1	image_cluster_4
ATCAATCTGGGCTGCA-1	image_cluster_1
ATCAATGCCGTGGCTG-1	image_cluster_0
ATCACATTAGAATATC-1	image_cluster_1
ATCACGTGCTAATTAA-1	image_cluster_0
ATCACTTCATCCTCGC-1	image_cluster_1
ATCAGACGGCACGCCG-1	image_cluster_1
ATCAGCCTCATGCTGC-1	image_cluster_1
ATCAGTAGGCAGGGAT-1	image_cluster_1
ATCATCCAATATTTGT-1	image_cluster_3
ATCCAACGCAGTCATA-1	image_cluster_3
ATCCAATGGAGGGTCC-1	image_cluster_0
ATCCACATCGACAGAA-1	image_cluster_1
ATCCAGAGCAACAACC-1	image_cluster_1
ATCCAGGATTCGTGAA-1	image_cluster_1
ATCCTACCTAAGCTCT-1	image_cluster_3
ATCCTGAATCGCTGCG-1	image_cluster_0
ATCCTGCGTGGAATGG-1	image_cluster_1
ATCCTGCTGCAGATAG-1	image_cluster_4
ATCGACCCAATACAGA-1	image_cluster_1
ATCGACTCTTTCCGTT-1	image_cluster_1
ATCGCACGATTGTTCA-1	image_cluster_0
ATCGCACGCCGGGAGA-1	image_cluster_4
ATCGCCAGTCAACATT-1	image_cluster_4
ATCGGAGACAGACGGC-1	image_cluster_1
ATCGGCAAGCAGTCCA-1	image_cluster_0
ATCGTGGAAAGTCTGG-1	image_cluster_0
ATCTAATATCCTACGG-1	image_cluster_1
ATCTAGCTTGTGAGGG-1	image_cluster_1
ATCTCCCTGCAATCTA-1	image_cluster_1
ATCTGACATGGAAGGA-1	image_cluster_1
ATCTGCACCTCTGCGA-1	image_cluster_0
ATCTGCTGTTATCGCC-1	image_cluster_1
ATCTGGGCTGTTCTTG-1	image_cluster_1
ATCTGGTTAAGACTGT-1	image_cluster_3
ATCTGTAATTGTACCC-1	image_cluster_3
ATCTTGACCTGCAACG-1	image_cluster_3
ATGAAGCCAAGGAGCC-1	image_cluster_4
ATGACGCCGGCTCTAA-1	image_cluster_1
ATGACGCGTTCTATCC-1	image_cluster_0
ATGACTATCAGCTGTG-1	image_cluster_1
ATGACTATGCGACATT-1	image_cluster_1
ATGAGGAGTGTTAATC-1	image_cluster_3
ATGATCGGGAATAGAC-1	image_cluster_1
ATGATGCAATGGTACA-1	image_cluster_1
ATGCACTACCGCATTG-1	image_cluster_4
ATGCATGATCCAGGAT-1	image_cluster_4
ATGCATTCCGTGATGG-1	image_cluster_3
ATGCCATTTGCGACCA-1	image_cluster_1
ATGCCGGTCTTGCATA-1	image_cluster_1
ATGCCGGTTGATGGGA-1	image_cluster_1
ATGCGACAGTCCCATT-1	image_cluster_1
ATGCGAGTCCCACCAC-1	image_cluster_4
ATGCTCAGTGTTGCAT-1	image_cluster_4
ATGCTCTGGCGCGGTA-1	image_cluster_1
ATGGAGCAGGCCGTGA-1	image_cluster_0
ATGGATCCGGCGTCCG-1	image_cluster_1
ATGGATTGACCAAACG-1	image_cluster_4
ATGGCAGCATTACGAT-1	image_cluster_4
ATGGGACCTGCTGAAC-1	image_cluster_4
ATGGGCCTCGGCCTCT-1	image_cluster_1
ATGGGTGTATACCTCC-1	image_cluster_3
ATGGTATTTACTGATT-1	image_cluster_0
ATGGTCGCGTGGTTTC-1	image_cluster_1
ATGTACGATGACGTCG-1	image_cluster_3
ATGTGAAAGCCTAATG-1	image_cluster_4
ATGTGCATCCGACGCA-1	image_cluster_1
ATGTGGACATCTTGAT-1	image_cluster_4
ATGTGTAGTTTAGTCA-1	image_cluster_1
ATGTTACGAGCAATAC-1	image_cluster_0
ATGTTGTAGTCTGTTT-1	image_cluster_3
ATTAAACATGCGGACC-1	image_cluster_1
ATTAATACTACGCGGG-1	image_cluster_4
ATTAATGAACCAGTCG-1	image_cluster_1
ATTAATTCGGTCACTC-1	image_cluster_0
ATTACAACTACCGGCC-1	image_cluster_1
ATTACGCGCTGGCAGG-1	image_cluster_4
ATTACTAGCCTCTTGC-1	image_cluster_4
ATTACTTACTGGGCAT-1	image_cluster_4
ATTAGATTGATAGCGG-1	image_cluster_4
ATTAGGCGATGCTTTC-1	image_cluster_3
ATTATACTTTGCTCGT-1	image_cluster_1
ATTATCTCGACAGATC-1	image_cluster_0
ATTATGCCATAGGGAG-1	image_cluster_4
ATTATTATGTCCGTCA-1	image_cluster_4
ATTCACTGATGTTGGA-1	image_cluster_1
ATTCAGGACCTATTTC-1	image_cluster_0
ATTCAGTAGCAGGGTC-1	image_cluster_4
ATTCATATACTGTCCA-1	image_cluster_0
ATTCATCGTTGAGGCA-1	image_cluster_4
ATTCCCACATAAACAA-1	image_cluster_4
ATTCCTCCGCCAGTGC-1	image_cluster_4
ATTCCTTCCAGGCGGT-1	image_cluster_3
ATTCGACGCCGGGCCT-1	image_cluster_0
ATTCTCGTCTCTTTAG-1	image_cluster_0
ATTCTTCGTACTTATG-1	image_cluster_1
ATTGAAGATCTTAGTG-1	image_cluster_1
ATTGACGTAACTCGGT-1	image_cluster_1
ATTGATAGCAACGAGA-1	image_cluster_0
ATTGATGAGTCCTAAC-1	image_cluster_0
ATTGCCTATTAGACCG-1	image_cluster_0
ATTGCGATCAGTAACT-1	image_cluster_0
ATTGCTGCTCCTCCAT-1	image_cluster_1
ATTGGATTACAGCGTA-1	image_cluster_3
ATTGGGAATATCTTGG-1	image_cluster_0
ATTGTACAACTCGGCT-1	image_cluster_1
ATTGTCGCAATACCTT-1	image_cluster_3
ATTTAACTCGTATTAC-1	image_cluster_3
ATTTACAGTTTACTGG-1	image_cluster_4
ATTTCATTATTTCGCG-1	image_cluster_4
ATTTCCGGGTTCTGCG-1	image_cluster_0
ATTTGCGCGAGTAGCT-1	image_cluster_0
ATTTGTCTTGGGAGCT-1	image_cluster_1
ATTTGTTCCAGGGCTC-1	image_cluster_1
CAAACGAGTATCGCAG-1	image_cluster_1
CAAACGGTCGCACTTT-1	image_cluster_0
CAAACTACGATAGAGA-1	image_cluster_4
CAAACTATTGAGCTTC-1	image_cluster_4
CAAAGATTATTGGGCC-1	image_cluster_0
CAAATCTCTCACAAGG-1	image_cluster_0
CAAATGTCCTTCCGTG-1	image_cluster_1
CAAATTGTCAGCAAGC-1	image_cluster_0
CAACGACCCGTTTACA-1	image_cluster_4
CAACGGTTCTTGATAC-1	image_cluster_4
CAACTATATCGAATGC-1	image_cluster_1
CAACTCCTTGATCCCG-1	image_cluster_4
CAACTGCTCATCCGAT-1	image_cluster_1
CAACTTGTAGTGGGCA-1	image_cluster_0
CAAGAGGGCGGAGTAC-1	image_cluster_1
CAAGATATTATAACGT-1	image_cluster_1
CAAGCAACGTCGGAGT-1	image_cluster_0
CAAGCACCAAATGCCT-1	image_cluster_0
CAAGCGGCACATAATT-1	image_cluster_1
CAAGGATCGCATGTTC-1	image_cluster_3
CAAGTGAACTTTGGTT-1	image_cluster_4
CAAGTGTGGTTGCAAA-1	image_cluster_1
CAATAAACCTTGGCCC-1	image_cluster_3
CAATATTCTTGACCTA-1	image_cluster_1
CAATATTGGACTAGTG-1	image_cluster_0
CAATCCCTATACCAGC-1	image_cluster_1
CAATCCTGCCGTGGAG-1	image_cluster_3
CAATGCGAGAAGTATC-1	image_cluster_1
CAATGGATCTCTACCA-1	image_cluster_1
CAATGGTCGGCCTGGG-1	image_cluster_0
CAATTAAGGGTGATGA-1	image_cluster_4
CAATTTCGTATAAGGG-1	image_cluster_1
CACAATGAGCTGCTAT-1	image_cluster_1
CACACAGGGATAGATT-1	image_cluster_4
CACACGCGCTGTCTTA-1	image_cluster_1
CACAGAGACGAGGACG-1	image_cluster_4
CACAGCACCCACGGCA-1	image_cluster_1
CACAGCTAGGGAGTGA-1	image_cluster_3
CACAGGGCCATATAGT-1	image_cluster_0
CACAGGGCCGTTGTCA-1	image_cluster_1
CACATAAGGCGACCGT-1	image_cluster_0
CACATATTAGCAGGAT-1	image_cluster_1
CACATCGTGCACGCGC-1	image_cluster_1
CACATCTCACCGACGA-1	image_cluster_1
CACATGATTCAGCAAC-1	image_cluster_1
CACATGTTTGGACATG-1	image_cluster_0
CACATTCTTTCGATGG-1	image_cluster_1
CACCAGTCAGCATGCA-1	image_cluster_3
CACCATCGGAGGAGAC-1	image_cluster_4
CACCCAAATCTTATGT-1	image_cluster_4
CACCCACACGTCACCC-1	image_cluster_4
CACCCACGAGGCAATT-1	image_cluster_1
CACCCGGTTTGTGACT-1	image_cluster_3
CACCCTAACAAGATCT-1	image_cluster_1
CACCCTTGGTGAGACC-1	image_cluster_0
CACCCTTTCCTCGCTC-1	image_cluster_0
CACCGATACACCGAGC-1	image_cluster_4
CACCGCCAGAAGGTTT-1	image_cluster_0
CACCGCCGACCAGCGA-1	image_cluster_4
CACCGGTAGAGACATT-1	image_cluster_0
CACCGTATCCCATCCG-1	image_cluster_2
CACCGTTAGGGATCAC-1	image_cluster_0
CACCGTTGCGCGATAT-1	image_cluster_4
CACCTAATAGAGTCGT-1	image_cluster_0
CACCTAATCAGTTTAC-1	image_cluster_1
CACCTCGATGGTGGAC-1	image_cluster_1
CACCTTGCGAAACTCG-1	image_cluster_1
CACCTTGGCGCCTTTG-1	image_cluster_0
CACGAAAGTTAGTCCC-1	image_cluster_0
CACGACTAAAGTTCTG-1	image_cluster_2
CACGCACAGCGCAGCT-1	image_cluster_3
CACGCAGCGAGGCTTT-1	image_cluster_3
CACGCGGAACTGTTGC-1	image_cluster_0
CACGTCGGCAACCTCT-1	image_cluster_0
CACGTTCGTGCTCTAG-1	image_cluster_1
CACGTTTCGTACACAC-1	image_cluster_1
CACTAAAGTTGCCTAT-1	image_cluster_0
CACTCAAGAGCTATGG-1	image_cluster_1
CACTCAGCTCTTGAGG-1	image_cluster_4
CACTCCTATGTAAGAT-1	image_cluster_0
CACTCCTCTCGGTCGG-1	image_cluster_1
CACTCGAGCTGAACAA-1	image_cluster_1
CACTGACGATTGTGGA-1	image_cluster_1
CACTGTCCAAGTGAGA-1	image_cluster_4
CACTTAATCAGACGGA-1	image_cluster_1
CACTTCGCCACAGGCT-1	image_cluster_4
CAGAACTTAGCCCTCT-1	image_cluster_1
CAGACACCGATCGCTG-1	image_cluster_1
CAGACCTGTAAGTGTT-1	image_cluster_4
CAGACGAACCTGATAC-1	image_cluster_1
CAGAGACGGTCACCCA-1	image_cluster_3
CAGAGCATGAGCTTGC-1	image_cluster_1
CAGAGGCGATGCATGA-1	image_cluster_3
CAGAGTGATTTAACGT-1	image_cluster_4
CAGATACTAACATAGT-1	image_cluster_3
CAGATATGAAGATGAC-1	image_cluster_4
CAGATCCTGGTTTGAA-1	image_cluster_0
CAGCAGCCCGTTCCTT-1	image_cluster_1
CAGCAGTCCAGACTAT-1	image_cluster_0
CAGCAGTCTGTGCTGC-1	image_cluster_1
CAGCCGGGCCCTCTAT-1	image_cluster_1
CAGCCTCCTGCAGAGG-1	image_cluster_3
CAGCCTCTCCTCAAGA-1	image_cluster_0
CAGCGATTCCCTTCAA-1	image_cluster_1
CAGCTCACTGAGACAT-1	image_cluster_1
CAGCTCGACAAGTTAA-1	image_cluster_0
CAGCTCGTGCTTGTGT-1	image_cluster_3
CAGCTGGCGTAACCGT-1	image_cluster_0
CAGCTTAGTAGGTAGC-1	image_cluster_0
CAGGAAGACTTTATAT-1	image_cluster_4
CAGGATATATCGTTGT-1	image_cluster_1
CAGGCCAGTACCACCT-1	image_cluster_3
CAGGCCGTTTGGGTGT-1	image_cluster_1
CAGGCGCACGGTGGTC-1	image_cluster_0
CAGGCGCCATGCTAGG-1	image_cluster_3
CAGTAATCCCTCCCAG-1	image_cluster_4
CAGTACCAGTTTACGT-1	image_cluster_0
CAGTAGCCCACGCGGT-1	image_cluster_1
CAGTCGAGGATGCAAT-1	image_cluster_0
CAGTCTCTCGGCTAAT-1	image_cluster_0
CAGTCTGTATACTGGG-1	image_cluster_1
CAGTGAATAAATGACT-1	image_cluster_1
CAGTGGTTGCACATGA-1	image_cluster_3
CAGTGTCCGCAGAATG-1	image_cluster_0
CAGTGTCGGCTGGCCC-1	image_cluster_1
CAGTGTTAATCTCTCA-1	image_cluster_3
CAGTTCAAATTGACAC-1	image_cluster_0
CAGTTCCGCGGGTCGA-1	image_cluster_4
CATAACGGACAGTCGT-1	image_cluster_1
CATAAGAAGCTTGGCT-1	image_cluster_1
CATAATGAGCGGGCGA-1	image_cluster_0
CATACAAAGCCGAACC-1	image_cluster_3
CATACACGGTTCCCAC-1	image_cluster_1
CATACCCGTACCCAGT-1	image_cluster_0
CATACGAACTAGCTGG-1	image_cluster_0
CATACGGCGTCTGGGC-1	image_cluster_1
CATACGGGTGCATGAT-1	image_cluster_2
CATACTATGTAATTGT-1	image_cluster_1
CATAGCCGCCCGGGAT-1	image_cluster_4
CATAGCGTTGCCCACC-1	image_cluster_1
CATAGTACATTGAGAG-1	image_cluster_1
CATAGTAGCATAGTAG-1	image_cluster_4
CATAGTCCACAAGAAC-1	image_cluster_4
CATATAGGTACAGTCA-1	image_cluster_1
CATATGTCAGGCTACG-1	image_cluster_0
CATATTATTTGCCCTA-1	image_cluster_1
CATCATCTACCCGGAC-1	image_cluster_0
CATCATTACCCTGAGG-1	image_cluster_1
CATCCAATATAGTTTG-1	image_cluster_0
CATCCTCTCAAAGATC-1	image_cluster_1
CATCGCCCGCGGCCAA-1	image_cluster_0
CATCGGACGGGTTAAT-1	image_cluster_1
CATCTTACACCACCTC-1	image_cluster_1
CATGAACCGACATTTG-1	image_cluster_0
CATGAACCTCTTATCA-1	image_cluster_1
CATGAGATGCACTCTC-1	image_cluster_1
CATGATGCACAATTCT-1	image_cluster_3
CATGATGGAAGTTAGC-1	image_cluster_0
CATGCATGGAGACCCT-1	image_cluster_3
CATGCCAACTCGCAAA-1	image_cluster_0
CATGCGACCAGTTTAA-1	image_cluster_0
CATGCGTTAGACAGAA-1	image_cluster_3
CATGCTGGCTCCAATT-1	image_cluster_0
CATGGATTGTCTTCCG-1	image_cluster_1
CATGGCAGGAAGATCG-1	image_cluster_1
CATGGGTATGCCTTAT-1	image_cluster_1
CATGGGTCGGGTGTGG-1	image_cluster_1
CATGGTAAGTAGCGTT-1	image_cluster_4
CATGGTCTAGATACCG-1	image_cluster_4
CATGTAAGAGACATTT-1	image_cluster_1
CATGTCTCATTTATGG-1	image_cluster_1
CATTACGTCGGCCCGT-1	image_cluster_0
CATTATCCCATTAACG-1	image_cluster_0
CATTATGCTTGTTGTG-1	image_cluster_4
CATTCACTGACAGCTA-1	image_cluster_0
CATTCAGGTCAGTGCG-1	image_cluster_0
CATTCCCTAAGTACAA-1	image_cluster_0
CATTTAGCGGACCATG-1	image_cluster_1
CATTTCTAGCAGACTA-1	image_cluster_0
CATTTGAGTGGTACGT-1	image_cluster_1
CCAAACAGAACCCTCG-1	image_cluster_4
CCAACCTTATGTAACT-1	image_cluster_4
CCAACGATGCACTGAT-1	image_cluster_0
CCAAGAAAGTGGGCGA-1	image_cluster_1
CCAAGACTTCTGCGAA-1	image_cluster_4
CCAAGCGTAACTCGTA-1	image_cluster_1
CCAAGGAACAGAGAGG-1	image_cluster_3
CCAATAGTGCCGTCGA-1	image_cluster_0
CCAATCGGTAGATCGA-1	image_cluster_1
CCAATGTCACAGCAAG-1	image_cluster_1
CCAATTACGGGTCGAG-1	image_cluster_0
CCAATTGAATGTTAAT-1	image_cluster_4
CCACAATGTACGTCTT-1	image_cluster_3
CCACACTGAGATATTA-1	image_cluster_1
CCACAGCTGAAATCAT-1	image_cluster_0
CCACAGTACCCATCCT-1	image_cluster_1
CCACCAACTTTACTGT-1	image_cluster_1
CCACCCAAGGAAAGTG-1	image_cluster_0
CCACGAGAAGAGAATC-1	image_cluster_1
CCACGGAGCCATAAGA-1	image_cluster_0
CCACGGCAGGTGTAGG-1	image_cluster_0
CCACTAAACTGAATCG-1	image_cluster_0
CCACTGGTGGCTGGTT-1	image_cluster_0
CCAGAAAGCAACTCAT-1	image_cluster_0
CCAGAGACAAAGCCGG-1	image_cluster_4
CCAGATAGTTGAGTGA-1	image_cluster_1
CCAGCCTGGACCAATA-1	image_cluster_3
CCAGCTACGCCTCATA-1	image_cluster_0
CCAGCTCGAACGCATT-1	image_cluster_1
CCAGCTGATGGTACTT-1	image_cluster_0
CCAGGGACGTGGCCTC-1	image_cluster_3
CCAGTAGTCTGATCCA-1	image_cluster_0
CCAGTCCATTATTCGA-1	image_cluster_0
CCAGTCTAGACGGCGC-1	image_cluster_1
CCAGTCTTGTCATAGA-1	image_cluster_1
CCATAAACAACCCGAC-1	image_cluster_4
CCATACCTTTACTTGT-1	image_cluster_0
CCATAGGTTGGCGTGG-1	image_cluster_1
CCATAGTCAGTAACCC-1	image_cluster_0
CCATCCATACCAAGTC-1	image_cluster_1
CCATCGCAGTTAAACT-1	image_cluster_1
CCATCTCACCAGTGAA-1	image_cluster_0
CCATCTTGTTCACAAT-1	image_cluster_0
CCATGCCCTAGATTTC-1	image_cluster_4
CCATGCCTGTTTAGTA-1	image_cluster_3
CCATGCTCTGCAGGAA-1	image_cluster_4
CCATGGCCCTTGTACC-1	image_cluster_0
CCATGTTCATCTATAT-1	image_cluster_0
CCATTAGCGATAATCC-1	image_cluster_0
CCATTCCCTGCCCACA-1	image_cluster_4
CCATTTCTACCTATTA-1	image_cluster_1
CCCAAACATGCTGCTC-1	image_cluster_1
CCCAACATACGTCGCG-1	image_cluster_1
CCCAACCACACTAACA-1	image_cluster_0
CCCAAGACAGAGTATG-1	image_cluster_4
CCCAATGAGATTTGCA-1	image_cluster_1
CCCAATTTCACAACTT-1	image_cluster_0
CCCAGTTAAGGCGCCG-1	image_cluster_1
CCCGACCATAGTCCGC-1	image_cluster_3
CCCGCAGCGCGAACTA-1	image_cluster_1
CCCGCAGGGCCCAAAG-1	image_cluster_4
CCCGCCATGCTCCCGT-1	image_cluster_4
CCCGCGCAATGCACCC-1	image_cluster_0
CCCGGGTCGTTCAGGG-1	image_cluster_1
CCCGGTGGAAGAACCT-1	image_cluster_4
CCCGGTGTATCGGAAT-1	image_cluster_4
CCCGTAAGTCTAGGCC-1	image_cluster_0
CCCGTAGCTGGGAAGA-1	image_cluster_0
CCCGTCAGCGTCTGAC-1	image_cluster_4
CCCTAGTGTCAGGTGT-1	image_cluster_0
CCCTATGTAGAGCAGA-1	image_cluster_3
CCCTCAGATCGAGAAC-1	image_cluster_3
CCCTCATTCTGGAATT-1	image_cluster_0
CCCTCGATAATACACA-1	image_cluster_3
CCCTGAAATGAGTTGA-1	image_cluster_3
CCCTGCCCAATCCGCT-1	image_cluster_4
CCCTGCGCTACGCATA-1	image_cluster_4
CCCTGGTATGGGCGGC-1	image_cluster_1
CCCTTTGACAGGTCTT-1	image_cluster_0
CCGAAAGTGGTGAGCA-1	image_cluster_0
CCGAACACTGGGCCTC-1	image_cluster_0
CCGAACCTTCCCGGCC-1	image_cluster_1
CCGAAGTATATTGTTC-1	image_cluster_0
CCGACAAAGGGAGTGC-1	image_cluster_0
CCGACGGGCATGAGGT-1	image_cluster_4
CCGAGGGATGTTAGGC-1	image_cluster_1
CCGATCTCAACCTTAT-1	image_cluster_3
CCGATTCGAGGGACCC-1	image_cluster_0
CCGCACAAAGACCAAC-1	image_cluster_3
CCGCACGTGACCTCGG-1	image_cluster_2
CCGCATGTGGTACGAT-1	image_cluster_1
CCGCCACCACAATCCA-1	image_cluster_3
CCGCCGGTCAACACAC-1	image_cluster_0
CCGCCTGCGAATTGGT-1	image_cluster_2
CCGCGGAATGCGTCAC-1	image_cluster_4
CCGCGGGTACGAAGAA-1	image_cluster_4
CCGCGTAGGTAAGGGC-1	image_cluster_4
CCGCTATCAGCACCAG-1	image_cluster_1
CCGCTGGTGCCATTCA-1	image_cluster_3
CCGCTTACCTCACTCT-1	image_cluster_0
CCGGAATGGTTTCAGT-1	image_cluster_4
CCGGAGCGTACTTTCT-1	image_cluster_1
CCGGCGCATATTGGAT-1	image_cluster_1
CCGGGACCCGCAGAGA-1	image_cluster_1
CCGGGCGGTCTCGTCA-1	image_cluster_0
CCGGGCTAAGAATTTC-1	image_cluster_3
CCGGGCTGCTCCATAC-1	image_cluster_1
CCGGGTTCGAGGTTAC-1	image_cluster_4
CCGGTTTGTAATTGTG-1	image_cluster_1
CCGTAAGTTGGTCCCA-1	image_cluster_3
CCGTACCCAAGCGCCA-1	image_cluster_0
CCGTATCTCGTCGTAG-1	image_cluster_4
CCGTGCCCATGACGGC-1	image_cluster_0
CCGTGTTAAATTCCAT-1	image_cluster_0
CCGTTACGTTAGAACA-1	image_cluster_1
CCGTTCCGAATCTCGG-1	image_cluster_0
CCTAAAGGCTGACGCT-1	image_cluster_0
CCTAAATTAACGGTTC-1	image_cluster_1
CCTAACCCAAACAAGT-1	image_cluster_1
CCTAACTAAGGCTCTA-1	image_cluster_0
CCTACATTCACAGACG-1	image_cluster_0
CCTACGGCTCAGTCGA-1	image_cluster_0
CCTACTGCTTACACTT-1	image_cluster_0
CCTAGGCGTAGCGATC-1	image_cluster_1
CCTAGTTAGTCGCATG-1	image_cluster_3
CCTATAATGAGTGCCC-1	image_cluster_1
CCTATACCGTCCTGTC-1	image_cluster_3
CCTATATTTGTCCTGG-1	image_cluster_3
CCTATCTATATCGGAA-1	image_cluster_1
CCTATGGCTCCTAGTG-1	image_cluster_3
CCTATGGGTTACCGTC-1	image_cluster_3
CCTCACCAATCTTGAC-1	image_cluster_3
CCTCACCTGAGGGAGC-1	image_cluster_4
CCTCACCTTAGCATCG-1	image_cluster_0
CCTCATGCAGCTACGA-1	image_cluster_3
CCTCCCGACAATCCCT-1	image_cluster_0
CCTCCGACAATTCAAG-1	image_cluster_0
CCTCGAAGTGGACGGG-1	image_cluster_1
CCTCGCCAGCAAATTA-1	image_cluster_1
CCTCGCGCGATATAGG-1	image_cluster_0
CCTCGCGCTGTGCGAT-1	image_cluster_1
CCTCGGACCGGGATAG-1	image_cluster_1
CCTCGGTTTCCTTGCC-1	image_cluster_3
CCTCTAATCTGCCAAG-1	image_cluster_3
CCTCTACAAGGATTGG-1	image_cluster_0
CCTCTATCGATTAGCA-1	image_cluster_0
CCTCTCTCCCATCTAG-1	image_cluster_0
CCTCTGGCCTAGACGG-1	image_cluster_1
CCTCTGTACTATTCTA-1	image_cluster_1
CCTGAACGATATATTC-1	image_cluster_1
CCTGAATATTTACATA-1	image_cluster_3
CCTGACCACCGATGGT-1	image_cluster_3
CCTGAGAATAAATGCA-1	image_cluster_3
CCTGCGATAGAACTGT-1	image_cluster_0
CCTGCTATTTGAGAAG-1	image_cluster_0
CCTGGCTAGACCCGCC-1	image_cluster_0
CCTGGTCGAATGTGGG-1	image_cluster_1
CCTGTAAGACATGATA-1	image_cluster_0
CCTGTACTCACGCCCA-1	image_cluster_3
CCTGTCACCCGGGCTC-1	image_cluster_4
CCTGTCGCCCGTAAAT-1	image_cluster_1
CCTGTTTGAAGACACG-1	image_cluster_4
CCTTCAGTTAAAGTGA-1	image_cluster_3
CCTTCTTGATCCAGTG-1	image_cluster_1
CCTTTAAGGGAGCACT-1	image_cluster_3
CCTTTCAATGAAGAAA-1	image_cluster_0
CGAAACATAGATGGCA-1	image_cluster_1
CGAAACGCAATTCATG-1	image_cluster_4
CGAACAGTATGGGCGT-1	image_cluster_0
CGAACCCGCATGCGTC-1	image_cluster_3
CGAACGCCCAGTGCCG-1	image_cluster_1
CGAAGTTGCTCTGTGT-1	image_cluster_0
CGAATCTGCTCGACGC-1	image_cluster_0
CGAATGAAGTCATTGC-1	image_cluster_0
CGAATGACGCATAATG-1	image_cluster_1
CGACAATTTGATCTAA-1	image_cluster_0
CGACACGCTCCGACAG-1	image_cluster_4
CGACAGTTCGCGTTAT-1	image_cluster_0
CGACATGCGATCTTCT-1	image_cluster_4
CGACTCAGGATGTTAT-1	image_cluster_1
CGAGACCCTAGAGTGT-1	image_cluster_1
CGAGAGATGTGAACCT-1	image_cluster_1
CGAGCACTTCAAGTTT-1	image_cluster_0
CGAGCGTTGATCAGCC-1	image_cluster_3
CGAGCTGGGCTTTAGG-1	image_cluster_1
CGAGGCCAGGCATTGG-1	image_cluster_0
CGAGGCTAAATATGGC-1	image_cluster_1
CGAGGGACTGCGGTCG-1	image_cluster_1
CGAGGGTATCCAGGTG-1	image_cluster_1
CGAGTACTAAAGAGGA-1	image_cluster_4
CGAGTGAAGGTACCAG-1	image_cluster_0
CGAGTGCTATAGTTCG-1	image_cluster_0
CGAGTTCTGTCCCACC-1	image_cluster_1
CGAGTTTATCGGACTG-1	image_cluster_1
CGATACCTCGCGGACA-1	image_cluster_1
CGATATTAGCCGCAGG-1	image_cluster_0
CGATCCGACCCAGTGC-1	image_cluster_1
CGATCCTCGCAACATA-1	image_cluster_4
CGATCTGTTGGAGGAC-1	image_cluster_0
CGATGGACCCTACGCC-1	image_cluster_0
CGATTAAATATCTCCT-1	image_cluster_1
CGATTCGCCTGGCTGC-1	image_cluster_1
CGCAAACACGAGTTAC-1	image_cluster_4
CGCAATTACTTTCGGT-1	image_cluster_0
CGCAATTAGGGTAATA-1	image_cluster_3
CGCAATTCTACAATAA-1	image_cluster_4
CGCACATGTCCACTAC-1	image_cluster_1
CGCACGTCTGTTTATG-1	image_cluster_4
CGCACGTGCGCTATCA-1	image_cluster_1
CGCAGAAACATTTGCG-1	image_cluster_0
CGCAGGCGATCCAAAC-1	image_cluster_4
CGCATCATGGCTTCAG-1	image_cluster_1
CGCATGGTGCGATGCT-1	image_cluster_3
CGCATTAGCTAATAGG-1	image_cluster_1
CGCCAAGAAGCCGAGT-1	image_cluster_4
CGCCACCCGCATTAAC-1	image_cluster_3
CGCCATCCGATTATGA-1	image_cluster_1
CGCCCAGCACGCCTAG-1	image_cluster_1
CGCCCGCTTCCGTACA-1	image_cluster_1
CGCCCTTGAAGGCTGA-1	image_cluster_0
CGCCGCCCATGCCTGT-1	image_cluster_3
CGCCTCCCTCCTCTAT-1	image_cluster_1
CGCCTGGCCTACGTAA-1	image_cluster_0
CGCGACCGCGACAGAT-1	image_cluster_1
CGCGAGTCTGCCGGGT-1	image_cluster_4
CGCGCAAATGTCCAGA-1	image_cluster_4
CGCGCAAGGAACTACA-1	image_cluster_0
CGCGCATGTTTGATTG-1	image_cluster_0
CGCGCCCGACTTAATA-1	image_cluster_1
CGCGGCTCAACTTGAA-1	image_cluster_1
CGCGGGAATTAGGCAG-1	image_cluster_1
CGCGTTCATGAAATAC-1	image_cluster_3
CGCTACGGGACATTTA-1	image_cluster_1
CGCTAGAGACCGCTGC-1	image_cluster_0
CGCTATACCGCCCACT-1	image_cluster_0
CGCTATTCAATGTATG-1	image_cluster_0
CGCTATTCTTAGGCTC-1	image_cluster_1
CGCTCGACATAATGAT-1	image_cluster_4
CGCTCTCCGTAGATTA-1	image_cluster_0
CGCTGAGGACGTCCAA-1	image_cluster_0
CGCTGGTGACTACCCT-1	image_cluster_4
CGCTGTGACGCCGCAC-1	image_cluster_0
CGCTGTGTGGATGTTG-1	image_cluster_3
CGCTTAGTATTGATAC-1	image_cluster_4
CGCTTATTCCCGGTCG-1	image_cluster_0
CGCTTCCACTGAAATC-1	image_cluster_4
CGCTTTCATACCGGTG-1	image_cluster_0
CGCTTTCTTGCATTCG-1	image_cluster_1
CGGAAAGAATCAAACG-1	image_cluster_3
CGGAACGTAAACATAG-1	image_cluster_1
CGGAGCAATTTAATCG-1	image_cluster_3
CGGAGCATGGCGATCC-1	image_cluster_1
CGGAGCTTATAACACC-1	image_cluster_4
CGGAGTTTGAGAGACA-1	image_cluster_4
CGGATAAGCGGACATG-1	image_cluster_0
CGGATCCTCAAGGACT-1	image_cluster_1
CGGATGAATGCTGTGA-1	image_cluster_3
CGGCAAACATCGTGCG-1	image_cluster_4
CGGCACCGTTAGCGCC-1	image_cluster_0
CGGCACTCAAGAAAGT-1	image_cluster_3
CGGCAGGGTCGGGTTG-1	image_cluster_0
CGGCCACGCACAAAGT-1	image_cluster_1
CGGCCCAGGTATATCC-1	image_cluster_4
CGGCGCCATCAATCCC-1	image_cluster_1
CGGCTTTGTATGATAA-1	image_cluster_1
CGGGAATATAGTATAC-1	image_cluster_4
CGGGAATTTATGTAAA-1	image_cluster_1
CGGGAGCTTCAGTGTA-1	image_cluster_1
CGGGATCAATGTAAGA-1	image_cluster_1
CGGGCAGCTAAACCGC-1	image_cluster_1
CGGGCCATAGCCGCAC-1	image_cluster_0
CGGGCCTTCTTTGTAA-1	image_cluster_3
CGGGTGTACCCATTTA-1	image_cluster_1
CGGTACTAGAATCAAA-1	image_cluster_1
CGGTAGAGGTGCAGGT-1	image_cluster_0
CGGTCAAGTGGGAACC-1	image_cluster_3
CGGTCCGTCGCAAGCC-1	image_cluster_1
CGGTCTATCAACCCGT-1	image_cluster_1
CGGTGAAGACTAAAGT-1	image_cluster_0
CGGTGCAGATAGAACG-1	image_cluster_4
CGGTGCGCGTTGGTCC-1	image_cluster_1
CGGTGTACTTGATCCC-1	image_cluster_0
CGGTTATCCAACAGTG-1	image_cluster_0
CGGTTCAAGTAGGTGT-1	image_cluster_0
CGGTTCCGGCTTCTTG-1	image_cluster_3
CGGTTGACCTGGCATA-1	image_cluster_0
CGGTTGAGTATCCTTC-1	image_cluster_0
CGTAAACGCTTGAGTG-1	image_cluster_0
CGTAAAGCAAGAAATC-1	image_cluster_0
CGTACCTGATAGGCCT-1	image_cluster_1
CGTAGCGAATTGTCAG-1	image_cluster_1
CGTAGCGCCGACGTTG-1	image_cluster_0
CGTATTAAGAGATCTA-1	image_cluster_3
CGTCACGTCCATTGGT-1	image_cluster_1
CGTCAGTGCGCACAAG-1	image_cluster_0
CGTCATACCATATCCA-1	image_cluster_0
CGTCGCTTGGTTATAC-1	image_cluster_3
CGTCGGATAGTGTTGA-1	image_cluster_3
CGTCGGGTCTAAGCGC-1	image_cluster_0
CGTCGTCCTTCGCGAA-1	image_cluster_1
CGTCTGGAAGGGCCCG-1	image_cluster_1
CGTGAAGTTAATTCAC-1	image_cluster_1
CGTGACATTGGGTCGT-1	image_cluster_1
CGTGACCAGTCCTCTG-1	image_cluster_1
CGTGCAGACTGGGACA-1	image_cluster_3
CGTGCATTGTCGACGC-1	image_cluster_4
CGTGCCCTCCCGAAGA-1	image_cluster_1
CGTGCTTCTACCTAAA-1	image_cluster_3
CGTGGCCGAATATCTA-1	image_cluster_0
CGTGGTACCCAAAGGC-1	image_cluster_4
CGTGTCCCATTCGCGA-1	image_cluster_0
CGTGTCTCGTTACGAC-1	image_cluster_0
CGTTAATGTCCCGACG-1	image_cluster_1
CGTTAGCTCACAACTG-1	image_cluster_4
CGTTCAGACCCGCGAA-1	image_cluster_0
CGTTCATGGTGCGCGT-1	image_cluster_0
CGTTGAATACCGCGCT-1	image_cluster_1
CGTTGAGCGACCGTCG-1	image_cluster_1
CGTTGCCCGCGTGGGA-1	image_cluster_2
CGTTGTCGGCAATTGA-1	image_cluster_4
CGTTGTTTCAATTCCC-1	image_cluster_0
CGTTTAAGCGGAGCAC-1	image_cluster_3
CGTTTCACTTCGGGCG-1	image_cluster_1
CGTTTCGCTCATTACA-1	image_cluster_1
CGTTTGTGTAGAGGGT-1	image_cluster_1
CTAAACGGGTGTAATC-1	image_cluster_0
CTAAAGAATGCCTACT-1	image_cluster_0
CTAAAGGGAAATAGGA-1	image_cluster_1
CTAAAGTCCGAAGCTA-1	image_cluster_2
CTAAATCCGGTGTACA-1	image_cluster_3
CTAAATCCTATTCCGG-1	image_cluster_1
CTAACCGCGCGCCCGT-1	image_cluster_0
CTAACGAAACTTGCTG-1	image_cluster_0
CTAACTGGTCCGGTTC-1	image_cluster_3
CTAAGGGAATGATTGG-1	image_cluster_1
CTAATTCGCACGCGCT-1	image_cluster_3
CTAATTTCAACAACAC-1	image_cluster_4
CTACAAGAAATAACCC-1	image_cluster_4
CTACACTAGCTTGTTC-1	image_cluster_4
CTACCCTAAGGTCATA-1	image_cluster_1
CTACGACTAGCTATAA-1	image_cluster_4
CTACGATCCTATCCTA-1	image_cluster_4
CTACGCACGGAGTACC-1	image_cluster_1
CTACGCCATTTCCGAT-1	image_cluster_3
CTACGTGTTGCCACCA-1	image_cluster_0
CTACTATCATAGGTTT-1	image_cluster_0
CTACTATCTTTCAGAG-1	image_cluster_0
CTACTCAAGGTATAGT-1	image_cluster_1
CTACTCTAGGCCCGGC-1	image_cluster_0
CTACTGCCACCTGACC-1	image_cluster_4
CTAGATAAACTCCTCG-1	image_cluster_0
CTAGATGTGAGTGTAA-1	image_cluster_4
CTAGATTTACGACGGC-1	image_cluster_1
CTAGCAACTAATTTAC-1	image_cluster_0
CTAGCATAGTATAATG-1	image_cluster_0
CTAGCCGATGTTATGA-1	image_cluster_0
CTAGGCGCCCTATCAG-1	image_cluster_1
CTAGGTCTGAAGGAAT-1	image_cluster_0
CTAGGTTCGGACGTGA-1	image_cluster_1
CTAGTAGAAAGGGATT-1	image_cluster_3
CTAGTATTCGGAATTA-1	image_cluster_3
CTAGTCACGTCTTAAG-1	image_cluster_3
CTAGTGAAGGACAGGA-1	image_cluster_0
CTAGTTACAACCCGGT-1	image_cluster_1
CTAGTTGGGCCCGGTA-1	image_cluster_3
CTATAAGAGCCAATCG-1	image_cluster_4
CTATAGGCGTTGATGT-1	image_cluster_0
CTATATCCAGCCTGGC-1	image_cluster_0
CTATCGACGAAATACA-1	image_cluster_1
CTATCGGGTCTCAACA-1	image_cluster_1
CTATGAACACCTTGCC-1	image_cluster_3
CTATGCCCGAATGCAA-1	image_cluster_1
CTATGTCACTAGCCCA-1	image_cluster_4
CTATGTCTATTGAAAC-1	image_cluster_3
CTATGTGAGTCACGGC-1	image_cluster_0
CTATTCATGTGTCCCA-1	image_cluster_1
CTATTTGGTTACGGAT-1	image_cluster_1
CTCAAACCACTGCCCG-1	image_cluster_1
CTCAACTAACCCGGAT-1	image_cluster_3
CTCACATTTACTAAAT-1	image_cluster_1
CTCACTGTGATACTTA-1	image_cluster_1
CTCACTTGGCTGGTAA-1	image_cluster_0
CTCAGGACTCACCTGT-1	image_cluster_0
CTCAGTCACGACAAAT-1	image_cluster_0
CTCATGGCTCACAATC-1	image_cluster_4
CTCATGGTAATTTGCG-1	image_cluster_0
CTCATTGCTCTAACAA-1	image_cluster_1
CTCATTTGATGGGCGG-1	image_cluster_1
CTCCCTCCTTTCGATC-1	image_cluster_4
CTCCGCCCACATGAGG-1	image_cluster_0
CTCCGGCCTAATATGC-1	image_cluster_1
CTCCGGCTTGTAGACA-1	image_cluster_0
CTCCTAAGTTATGTCT-1	image_cluster_3
CTCCTCCAGCTCACAC-1	image_cluster_1
CTCGAGGCAAGTTTCA-1	image_cluster_3
CTCGAGGTCGAACAGT-1	image_cluster_0
CTCGATATTTGCGAGC-1	image_cluster_0
CTCGCACCTATATAGT-1	image_cluster_4
CTCGCCGAATGTAGGG-1	image_cluster_1
CTCGGGTTCTCTGGCC-1	image_cluster_0
CTCGGTACCACTGCTC-1	image_cluster_1
CTCGGTCCGTAGCCTG-1	image_cluster_1
CTCGGTTGTCGGCCCT-1	image_cluster_0
CTCGTCGAGGGCTCAT-1	image_cluster_4
CTCGTTACGGCTACCA-1	image_cluster_3
CTCTACACTGGCGATT-1	image_cluster_0
CTCTATTTGGCTGCAG-1	image_cluster_1
CTCTCACAATCGATGA-1	image_cluster_1
CTCTCGATGTGCGCCT-1	image_cluster_0
CTCTCTAACTGCCTAG-1	image_cluster_0
CTCTGCAGGCATTCTT-1	image_cluster_3
CTCTGCGAAGCAAGCA-1	image_cluster_0
CTCTGGACGCCTGGTG-1	image_cluster_0
CTCTGTGCCTGCTATG-1	image_cluster_1
CTCTGTTTGAGGATTC-1	image_cluster_1
CTCTTCTATTGACTGG-1	image_cluster_0
CTCTTCTGGAAGTTAG-1	image_cluster_1
CTCTTGTCCCGCTTGG-1	image_cluster_1
CTGAAAGAGATCCGAC-1	image_cluster_1
CTGAATCCGAGACCTC-1	image_cluster_1
CTGACTGCGCAGCTCG-1	image_cluster_0
CTGAGCAAGTAACAAG-1	image_cluster_3
CTGATCCCTTTATGCA-1	image_cluster_0
CTGCACAACTACATAT-1	image_cluster_1
CTGCACCTGGAACCGC-1	image_cluster_1
CTGCACTCCAGTACAG-1	image_cluster_1
CTGCCAAGGTTGGAAG-1	image_cluster_3
CTGCCATGCATCACAT-1	image_cluster_1
CTGCCTAGCCACCAAG-1	image_cluster_1
CTGCCTTTAATACCTT-1	image_cluster_0
CTGCGGGTGAAATGTT-1	image_cluster_0
CTGCGGTAGTCACGTG-1	image_cluster_3
CTGCGTTACGATATAA-1	image_cluster_1
CTGCTGAGGCCACGAA-1	image_cluster_0
CTGCTTGGCGATAGCT-1	image_cluster_1
CTGGAAATGGATGCTT-1	image_cluster_0
CTGGAAGACACGGTGG-1	image_cluster_1
CTGGATTTACACTTGA-1	image_cluster_3
CTGGCATCCGAATGAG-1	image_cluster_0
CTGGCGACATAAGTCC-1	image_cluster_1
CTGGCGCACAGGTCTG-1	image_cluster_1
CTGGCGGGAATAAGTA-1	image_cluster_0
CTGGCTCCTGCGGGAT-1	image_cluster_0
CTGGCTGATTCATCCT-1	image_cluster_4
CTGGCTGCTAACGTAA-1	image_cluster_3
CTGGCTGGTTGTCAGT-1	image_cluster_1
CTGGGATAAATAATGG-1	image_cluster_1
CTGGGCCTGCTATATC-1	image_cluster_3
CTGGGTAGGCAGTTAA-1	image_cluster_1
CTGGTAACACATAGAA-1	image_cluster_1
CTGGTAACGAGCTCTT-1	image_cluster_0
CTGGTCCTAACTTGGC-1	image_cluster_4
CTGGTGAATGGGCCTA-1	image_cluster_4
CTGGTTCAACGCATCA-1	image_cluster_0
CTGGTTTCGAGCAAGA-1	image_cluster_1
CTGTACTTCTTAGCAT-1	image_cluster_1
CTGTAGCCATCTCACT-1	image_cluster_1
CTGTATGGTGTAGAAA-1	image_cluster_4
CTGTCAAATGGCTCGG-1	image_cluster_1
CTGTGCAGGGTAGGTC-1	image_cluster_3
CTGTGGTCGGGAGATA-1	image_cluster_1
CTGTTACCCAATCTAG-1	image_cluster_3
CTGTTCACTGCCTGTG-1	image_cluster_4
CTGTTCATCTCACGGG-1	image_cluster_0
CTGTTGTTCAGTCGTA-1	image_cluster_0
CTTAACTTCGAAGTAC-1	image_cluster_4
CTTACACGGTATTCCA-1	image_cluster_0
CTTACACTGGGAAATA-1	image_cluster_4
CTTAGCCTTCCACATG-1	image_cluster_1
CTTAGGTATAGACCAG-1	image_cluster_0
CTTAGTAGGCCTACAG-1	image_cluster_0
CTTAGTGTAGTAGCAT-1	image_cluster_1
CTTAGTTGAGGAATCG-1	image_cluster_0
CTTATGTTGACTACCA-1	image_cluster_0
CTTCAACTCCACTTGG-1	image_cluster_1
CTTCACGCCCTGGTAC-1	image_cluster_3
CTTCAGTGGTCGCCTA-1	image_cluster_4
CTTCATAGCTCAAGAA-1	image_cluster_4
CTTCATTGTCAGTGGA-1	image_cluster_1
CTTCCGCTCCGTGAAG-1	image_cluster_3
CTTCGTAGATAGGTGA-1	image_cluster_1
CTTCTATGTTGAAGTA-1	image_cluster_0
CTTCTATTAATGCTAG-1	image_cluster_1
CTTCTGGGCGTACCTA-1	image_cluster_4
CTTCTTACGTCGTATA-1	image_cluster_1
CTTGACCCGAAAGATA-1	image_cluster_1
CTTGAGGTTATCCCGA-1	image_cluster_0
CTTGAGTTAGGGTAAT-1	image_cluster_1
CTTGCAACCGCCTCCT-1	image_cluster_0
CTTGCCCAGGCTCTAC-1	image_cluster_1
CTTGGCCAAGCTGGGA-1	image_cluster_1
CTTGTACTTGTTGACT-1	image_cluster_4
CTTGTCAACATTCGAG-1	image_cluster_1
CTTGTGAGTCTTTGAC-1	image_cluster_0
CTTGTGCTCACCGATT-1	image_cluster_4
CTTGTTGCTGAGTCAA-1	image_cluster_1
CTTGTTTATGTAGCCA-1	image_cluster_0
CTTTAACTTTCAAAGG-1	image_cluster_1
CTTTAATATTGGTCGA-1	image_cluster_1
CTTTACCGAATAGTAG-1	image_cluster_1
CTTTAGGAACACTGTT-1	image_cluster_1
CTTTAGTGCTATTATT-1	image_cluster_3
CTTTCTGTGCGGGCTT-1	image_cluster_1
CTTTGGCGCTTTATAC-1	image_cluster_4
CTTTGGCTTTAGTAAA-1	image_cluster_0
CTTTGGGATTGTTGCA-1	image_cluster_1
GAAACAGATGACCACC-1	image_cluster_1
GAAACAGCCATGCAGT-1	image_cluster_1
GAAACATAGGAAACAG-1	image_cluster_0
GAAACCGAATTACCTT-1	image_cluster_1
GAAACCTATACAAATG-1	image_cluster_3
GAAACTCGTGCGATGC-1	image_cluster_2
GAAACTCTAATGAAGG-1	image_cluster_4
GAAAGAACAGCGTTAT-1	image_cluster_1
GAAAGCAGTGCACTTT-1	image_cluster_1
GAAAGCCCTTTGGACC-1	image_cluster_0
GAAAGTGACTAACTGC-1	image_cluster_4
GAAATACTAAACGTTT-1	image_cluster_0
GAAATATCACCATCAG-1	image_cluster_0
GAAATCGCGCGCAACT-1	image_cluster_1
GAAATGGCGGTGTTAG-1	image_cluster_0
GAAATGGGATGTAAAC-1	image_cluster_2
GAAATTAGCACGGATA-1	image_cluster_4
GAAATTCACATCGCTG-1	image_cluster_3
GAAATTGTCTCTATAA-1	image_cluster_1
GAACACACATCAACCA-1	image_cluster_0
GAACAGATTACTAAAT-1	image_cluster_1
GAACCATCTGGGAGAC-1	image_cluster_0
GAACCCTCTGTGTTCT-1	image_cluster_1
GAACCTTTAACGATCC-1	image_cluster_1
GAACGACCGAATGATA-1	image_cluster_1
GAACGTCTCATGGTCG-1	image_cluster_1
GAAGAAACGATATTGT-1	image_cluster_0
GAAGAACGGTGCAGGT-1	image_cluster_0
GAAGCCACTGATTATG-1	image_cluster_1
GAAGCCTGCACATTCC-1	image_cluster_1
GAAGCGTGAGGAATTT-1	image_cluster_1
GAAGCTCGGACCCGTC-1	image_cluster_0
GAAGCTTGCTGACCGC-1	image_cluster_0
GAAGGAGTCGAGTGCG-1	image_cluster_1
GAAGTCAGTTGCACTA-1	image_cluster_1
GAAGTCTCCCTAGCGA-1	image_cluster_1
GAAGTGATTTATCGTG-1	image_cluster_1
GAAGTGCTGGATAGCT-1	image_cluster_1
GAAGTTTCCACTCAAT-1	image_cluster_4
GAATAGACGCGACCCA-1	image_cluster_1
GAATAGTGCTCGATTA-1	image_cluster_3
GAATATTCGGAGTCCC-1	image_cluster_0
GAATCGACATGGTCAC-1	image_cluster_4
GAATCGCCGGACACGG-1	image_cluster_0
GAATCTGAACATTCTC-1	image_cluster_3
GAATGCCGAAATGACC-1	image_cluster_0
GAATGCGAATCGGTTC-1	image_cluster_1
GAATGTATGGCAGGTC-1	image_cluster_1
GAATGTGGTCCGGATT-1	image_cluster_1
GAATGTTGGGTAATCT-1	image_cluster_1
GAATTATAGTGAAAGG-1	image_cluster_1
GAATTCACCCGGGTGT-1	image_cluster_0
GAATTTCTCGCTGCAG-1	image_cluster_4
GACAAACATATGCAGG-1	image_cluster_0
GACAACGACCATTGAA-1	image_cluster_1
GACAACGCAGCTTACG-1	image_cluster_1
GACACAAGGGAAGAAA-1	image_cluster_0
GACACGAGTTAGAGGA-1	image_cluster_0
GACACTGAGTTCAGTG-1	image_cluster_1
GACAGCCAGACCTGAC-1	image_cluster_1
GACAGGCACACACTAT-1	image_cluster_0
GACATCCGTCGAACTG-1	image_cluster_1
GACATCGATTTATAAC-1	image_cluster_1
GACCAGAGCCCTGTAG-1	image_cluster_0
GACCCAATTATGATAC-1	image_cluster_4
GACCCGTCGCCGGCTA-1	image_cluster_4
GACCGACTGAAGCGTC-1	image_cluster_4
GACCGATTAAATATGT-1	image_cluster_4
GACCGTCAGGTCGTGA-1	image_cluster_4
GACCGTGCTGACGGTG-1	image_cluster_3
GACCTTCCACGTCTAC-1	image_cluster_1
GACGACGATCCGCGTT-1	image_cluster_1
GACGCCGTAAAGGCTA-1	image_cluster_1
GACGCCTGTTGCAGGG-1	image_cluster_0
GACGCTTGCTTCTAAA-1	image_cluster_0
GACGGACCGCGTTCCT-1	image_cluster_0
GACGGGTTGGCCCGTA-1	image_cluster_1
GACGGTCAATAGAAGC-1	image_cluster_4
GACGTGAGACTCCATG-1	image_cluster_0
GACTAAGATCATGCAC-1	image_cluster_4
GACTAAGTAGGCTCAC-1	image_cluster_4
GACTACAAAGCGGTGG-1	image_cluster_0
GACTACAATTGCTCGT-1	image_cluster_3
GACTCACCCACGTGAG-1	image_cluster_4
GACTCGCGGGAATGAC-1	image_cluster_0
GACTGCAAATCGAGCT-1	image_cluster_1
GACTGCACCAGCCCAG-1	image_cluster_1
GACTGCTGGTGAGAAA-1	image_cluster_4
GAGACTGATGGGTAGA-1	image_cluster_3
GAGACTTCGCGACCGA-1	image_cluster_3
GAGAGGGCGCGAGGTT-1	image_cluster_0
GAGAGGTGCATTCTGG-1	image_cluster_0
GAGATCTGCTTGGCAT-1	image_cluster_1
GAGATCTGTCACTCCG-1	image_cluster_1
GAGATCTTCCATGACA-1	image_cluster_1
GAGATGGGAGTCGACA-1	image_cluster_1
GAGCACCTGTGTCCAG-1	image_cluster_1
GAGCATCAACAACTTG-1	image_cluster_4
GAGCATCATCCCTGGG-1	image_cluster_1
GAGCCACGGTAGTAGG-1	image_cluster_4
GAGCCAGCTACCTGTG-1	image_cluster_1
GAGCGAGGGAGTACCG-1	image_cluster_1
GAGCGCGCACGAGTAG-1	image_cluster_1
GAGCGCTGTTAGGTAA-1	image_cluster_0
GAGCTAAGGGCATATC-1	image_cluster_1
GAGCTCTCGGACCTAA-1	image_cluster_0
GAGGAATGGAGAGGTT-1	image_cluster_4
GAGGCCCGACTCCGCA-1	image_cluster_3
GAGGCTATCAAAGTCG-1	image_cluster_0
GAGGGAGTCAGATCGC-1	image_cluster_4
GAGGGCATCGCGTATC-1	image_cluster_0
GAGGGCGCAGCTCTGC-1	image_cluster_1
GAGGGTAGTAACAAAG-1	image_cluster_0
GAGGTACATCCATCTT-1	image_cluster_1
GAGGTACGCGTGTCCC-1	image_cluster_0
GAGGTCCCAAAGATCT-1	image_cluster_0
GAGTACGGGTATACAA-1	image_cluster_4
GAGTAGATACTAGTTG-1	image_cluster_1
GAGTATACCCTAATCA-1	image_cluster_0
GAGTATGCCCGCCTTG-1	image_cluster_1
GAGTATGCGCGTGCAT-1	image_cluster_1
GAGTCAGACCAGAATC-1	image_cluster_1
GAGTCCGCTTACCGGA-1	image_cluster_3
GAGTGTCAACCAGAAA-1	image_cluster_1
GAGTGTGCGGTACCCA-1	image_cluster_1
GAGTTGATGGCAATTT-1	image_cluster_0
GATAAATCGGTGGATG-1	image_cluster_0
GATAACTCGCACTGTG-1	image_cluster_1
GATAAGGCAGATGCAA-1	image_cluster_0
GATACGATGGGAGTCA-1	image_cluster_1
GATAGGTAACGTTGAC-1	image_cluster_0
GATATCTCATGCAATA-1	image_cluster_4
GATATGAGACACTAAC-1	image_cluster_1
GATATGCGGTAGCCAA-1	image_cluster_1
GATATGGATTACGCGG-1	image_cluster_3
GATATTGAGATTGGCG-1	image_cluster_4
GATATTTCCTACATGG-1	image_cluster_1
GATCAACATAAAGGGA-1	image_cluster_0
GATCATTCCAAACATT-1	image_cluster_3
GATCCCTTTATACTGC-1	image_cluster_4
GATCCGGGAATTAACA-1	image_cluster_4
GATCCTAAATCGGGAC-1	image_cluster_0
GATCCTCGACACTGGC-1	image_cluster_0
GATCGACACTATCTGA-1	image_cluster_0
GATCGCGGGCTCTCCA-1	image_cluster_3
GATCGCTACCCGATTT-1	image_cluster_4
GATCGCTATATCTCAG-1	image_cluster_4
GATCGCTGTGGTGCGT-1	image_cluster_3
GATCGGTGGCCATAAC-1	image_cluster_4
GATCGTGACTGATATC-1	image_cluster_3
GATCTGCTATCTAAGG-1	image_cluster_1
GATCTTGGAGGGCATA-1	image_cluster_3
GATCTTTGCAGGGTAT-1	image_cluster_4
GATGACAAGTAGGGCA-1	image_cluster_0
GATGCCAGCAGAAGGC-1	image_cluster_2
GATGCGTCCTGCATTC-1	image_cluster_3
GATGCTACAAGCGCCT-1	image_cluster_0
GATGCTGTATTTCATC-1	image_cluster_1
GATGGCGCACACATTA-1	image_cluster_4
GATGGTGCCCTAGGCA-1	image_cluster_4
GATGTAACGAACCACC-1	image_cluster_0
GATGTCCGGATCACAT-1	image_cluster_0
GATGTCGGTCAACTGC-1	image_cluster_1
GATGTTCAATCCACGA-1	image_cluster_1
GATGTTTGTGCGAGAT-1	image_cluster_0
GATTAACCGAAAGCCC-1	image_cluster_1
GATTACTGAATTTGGG-1	image_cluster_0
GATTCCCTTGTCGCAG-1	image_cluster_3
GATTCCGCGTTTCCGT-1	image_cluster_1
GATTCCTATACGGCGC-1	image_cluster_4
GATTCGACGGTTCACG-1	image_cluster_4
GATTGACACTCTGCTC-1	image_cluster_4
GATTGCTCCAGTTGCA-1	image_cluster_0
GCAAACCCTACATTAT-1	image_cluster_1
GCAAACCTTGGCCATA-1	image_cluster_1
GCAAAGGGCGTTAGCC-1	image_cluster_4
GCAAATATTACGCTTT-1	image_cluster_0
GCAACACACTAGAACT-1	image_cluster_0
GCAACAGCAGTATGCG-1	image_cluster_4
GCAACCACCAGACCGG-1	image_cluster_4
GCAACCACGGCCGCGT-1	image_cluster_0
GCAAGAATTCCTTGGC-1	image_cluster_1
GCAAGTGCACAGAGAA-1	image_cluster_3
GCACAAACCCTAGATG-1	image_cluster_4
GCACAAGTGTCGGAAG-1	image_cluster_0
GCACACACTGGTAGCC-1	image_cluster_1
GCACGCCTACTTAGAT-1	image_cluster_1
GCACTAGTCGCGCTAT-1	image_cluster_0
GCACTGCCTACCTTTA-1	image_cluster_0
GCACTGTGCAAATGTA-1	image_cluster_0
GCAGACCCAGCACGTA-1	image_cluster_0
GCAGATCCATAAGACT-1	image_cluster_1
GCAGATTAGGGATATC-1	image_cluster_1
GCAGCACACAGCCCAG-1	image_cluster_4
GCAGCGGTGGGCATTA-1	image_cluster_0
GCAGGAACTTAGATCT-1	image_cluster_2
GCAGGACTATAGAATA-1	image_cluster_1
GCAGGTAGAGTATGGT-1	image_cluster_0
GCAGTGTGGCTATAGG-1	image_cluster_1
GCATAGAGCACTCAGG-1	image_cluster_3
GCATCCCTAACTTTGA-1	image_cluster_3
GCATGAGGGACGCGGC-1	image_cluster_0
GCATTGTAATTCATAT-1	image_cluster_4
GCCACAATTTAAGGAC-1	image_cluster_0
GCCACTCAGAGCGCGA-1	image_cluster_3
GCCAGGAAAGAACACT-1	image_cluster_2
GCCAGGAGTAACCGAT-1	image_cluster_1
GCCAGGCGTTCGCATG-1	image_cluster_2
GCCATATTGCACACAG-1	image_cluster_1
GCCATCGAGCTGCGTG-1	image_cluster_3
GCCCACCAAGGCTGTC-1	image_cluster_0
GCCCAGTTGGTATGCC-1	image_cluster_4
GCCCGACTTCTTCCCG-1	image_cluster_4
GCCCGATCTGTGGTCG-1	image_cluster_1
GCCCGCGCGTAAACGG-1	image_cluster_1
GCCCGCGCGTTTGACA-1	image_cluster_0
GCCCGTAATACCTTCT-1	image_cluster_3
GCCCTAGCCGTCGCGA-1	image_cluster_4
GCCGAAATTCCTACGT-1	image_cluster_3
GCCGACCCACGACTGC-1	image_cluster_4
GCCGATTGGCCAAGCT-1	image_cluster_1
GCCGCATTAGTCCGGC-1	image_cluster_2
GCCGCTTGTGAGAAAC-1	image_cluster_4
GCCGGAAACACATCTT-1	image_cluster_0
GCCGGGTTAGGGTCGC-1	image_cluster_1
GCCTAGCGATCTGACC-1	image_cluster_0
GCCTATAGTGTCAGGG-1	image_cluster_0
GCCTATTCCGATATAG-1	image_cluster_4
GCCTATTTGCTACACA-1	image_cluster_1
GCCTCATCTGGAAATA-1	image_cluster_1
GCCTCTATACATAGCA-1	image_cluster_1
GCCTTCAGCCCTACCG-1	image_cluster_4
GCCTTGTATATGCAGT-1	image_cluster_2
GCGAAACGATCGGGAG-1	image_cluster_4
GCGAAACTTAACTGGA-1	image_cluster_1
GCGAAGCCATACCCGT-1	image_cluster_4
GCGACCCAACCATCTG-1	image_cluster_0
GCGACGATAGTTGTAC-1	image_cluster_1
GCGAGAGTTGCGTCCA-1	image_cluster_4
GCGAGGCCCGAGCAGA-1	image_cluster_3
GCGAGTTCTGCAAAGA-1	image_cluster_1
GCGATTCTGGAAGCAG-1	image_cluster_0
GCGATTGTTAACGTTA-1	image_cluster_1
GCGCAAATATATTCAA-1	image_cluster_4
GCGCAAGAGCGCGCTG-1	image_cluster_1
GCGCATCCAGTCAGCA-1	image_cluster_0
GCGCCGTTCCACGATA-1	image_cluster_3
GCGCGATGGGTCAAGT-1	image_cluster_2
GCGCGGTCTAGTAACT-1	image_cluster_3
GCGCGTCATTGGTACA-1	image_cluster_1
GCGCTAATTGAATAGA-1	image_cluster_1
GCGCTATGCCGAGGCA-1	image_cluster_1
GCGCTGATCCAGACTC-1	image_cluster_1
GCGCTGCTTTGCATTT-1	image_cluster_0
GCGCTTAAATAATTGG-1	image_cluster_1
GCGGACCGCGTTGTGG-1	image_cluster_1
GCGGAGAAACTTCGCA-1	image_cluster_0
GCGGAGAGGGAGAACG-1	image_cluster_1
GCGGCAAAGTATTGCC-1	image_cluster_0
GCGGCTCTGACGTACC-1	image_cluster_0
GCGGGAACCAGGCCCT-1	image_cluster_4
GCGGGCGAGCCTTACC-1	image_cluster_1
GCGGTAACCCAAATGA-1	image_cluster_4
GCGGTCCCTAGACGCA-1	image_cluster_1
GCGGTGAACTGCGCTC-1	image_cluster_0
GCGGTTCCCTATCATG-1	image_cluster_1
GCGTAAATGGCCATAA-1	image_cluster_3
GCGTCCCTAAGACATA-1	image_cluster_1
GCGTCGAAATGTCGGT-1	image_cluster_1
GCGTCGCCAGGGTGAT-1	image_cluster_3
GCGTCTCTGCATTGGG-1	image_cluster_0
GCGTGGTACTGGGTTA-1	image_cluster_0
GCTAAACCTGAGGTGA-1	image_cluster_4
GCTAACTGAAGTCTGA-1	image_cluster_1
GCTAAGTAGTTTCTCT-1	image_cluster_1
GCTAATACCGAATGCC-1	image_cluster_0
GCTACGACTTATTGGG-1	image_cluster_1
GCTACTATAGTAGAGT-1	image_cluster_1
GCTAGACCGTCTACTG-1	image_cluster_0
GCTAGAGTAGAGATGT-1	image_cluster_4
GCTAGCGATAGGTCTT-1	image_cluster_0
GCTAGCTTGAATAGCT-1	image_cluster_1
GCTAGGCACCACGGAG-1	image_cluster_1
GCTAGTAGAGCTTGTA-1	image_cluster_0
GCTAGTTTCATTGAGG-1	image_cluster_0
GCTATACGTCTCGGAC-1	image_cluster_1
GCTATCATACTCATGG-1	image_cluster_1
GCTATCGCGGCGCAAC-1	image_cluster_0
GCTCAATCCGTTTATT-1	image_cluster_0
GCTCAATGTAATACCG-1	image_cluster_1
GCTCATTACTGCATGT-1	image_cluster_4
GCTCCTGACATACTGG-1	image_cluster_4
GCTCGCTCATGTCCAA-1	image_cluster_1
GCTCGGAATTTAAAGC-1	image_cluster_1
GCTCTAAACCCTGACG-1	image_cluster_1
GCTCTATGTTACGTGC-1	image_cluster_4
GCTCTCGGGTACCGAA-1	image_cluster_4
GCTCTTTCCGCTAGTG-1	image_cluster_1
GCTGAATCTTCCAATC-1	image_cluster_4
GCTGAGGCGTGAGTAT-1	image_cluster_3
GCTGCACGGTTTCTTA-1	image_cluster_3
GCTGCTAAGTAGTCGA-1	image_cluster_3
GCTGCTACTGCGTAGC-1	image_cluster_1
GCTGCTCTCCGGACAC-1	image_cluster_3
GCTGGCATATTCACCT-1	image_cluster_3
GCTGGCGGCGCATGCT-1	image_cluster_1
GCTGGTTTAGGCCATA-1	image_cluster_2
GCTGTATTACTGGCCC-1	image_cluster_1
GCTGTTGCTACCGAAC-1	image_cluster_1
GCTTAATGTAACTAAC-1	image_cluster_1
GCTTATGAAGCAGGAA-1	image_cluster_1
GCTTCCGTCCCTAGAC-1	image_cluster_3
GCTTCGACGTTCAATC-1	image_cluster_4
GCTTGATGATAATCAG-1	image_cluster_4
GCTTGGATCGATTAGG-1	image_cluster_0
GCTTTCAGAGGAGGTG-1	image_cluster_0
GGAAAGTGCCCATGCC-1	image_cluster_0
GGAACCGTGTAAATTG-1	image_cluster_1
GGAACCTTGACTCTGC-1	image_cluster_4
GGAAGCTCGCTTACAG-1	image_cluster_0
GGAATAACCTCAAGAA-1	image_cluster_1
GGAATGCGCTAGCGTG-1	image_cluster_3
GGACCAACAGGATAAC-1	image_cluster_3
GGACCTCTAGGCCGCC-1	image_cluster_0
GGACTCGTGAGTGGTC-1	image_cluster_4
GGAGAAGTCATTGGCA-1	image_cluster_4
GGAGACGACACCTTTG-1	image_cluster_1
GGAGCACCAAGAACTA-1	image_cluster_3
GGAGCGAGGCCTACTT-1	image_cluster_1
GGAGGATTGAAAGGAG-1	image_cluster_1
GGAGGGCTTGGTTGGC-1	image_cluster_1
GGAGTGCCGCCCTGGA-1	image_cluster_1
GGATACTCATGAATTG-1	image_cluster_4
GGATCAAAGGACGAGG-1	image_cluster_1
GGATCCGGAATATACT-1	image_cluster_1
GGATCTTACTGCCCTT-1	image_cluster_0
GGATCTTGACTCAACC-1	image_cluster_0
GGATGAAGATCGCTGA-1	image_cluster_0
GGATGACGCGAGTTTA-1	image_cluster_1
GGATGCTGGCGTTCCT-1	image_cluster_0
GGATGTCCTTACCGCA-1	image_cluster_1
GGATTCAGTACGGTGG-1	image_cluster_4
GGATTCCGCTATACCC-1	image_cluster_1
GGATTGCTGTGACTCC-1	image_cluster_1
GGATTTCACTTCTATA-1	image_cluster_1
GGCAAAGGCGCCAATA-1	image_cluster_4
GGCAAATTACTTTACT-1	image_cluster_1
GGCAAGCCCATAGTGG-1	image_cluster_4
GGCAAGGCGAAATAGC-1	image_cluster_1
GGCAATAGTCAATGAG-1	image_cluster_1
GGCACTCCACTGGGCA-1	image_cluster_1
GGCAGCAAACCTATGC-1	image_cluster_4
GGCATACAGGTAGCGG-1	image_cluster_3
GGCATATCGGTTCTGC-1	image_cluster_1
GGCATCAACGAGCACG-1	image_cluster_0
GGCCACAAGCGATGGC-1	image_cluster_0
GGCCCTCACCCACTTA-1	image_cluster_0
GGCCGAGACTCTGGTG-1	image_cluster_4
GGCCGGCGTCTGCTAT-1	image_cluster_1
GGCCGTTTGGGTTTCA-1	image_cluster_1
GGCGAAATCTAACTTG-1	image_cluster_1
GGCGCAGGACATCTTC-1	image_cluster_0
GGCGCATGAATTGATG-1	image_cluster_1
GGCGCGGAGATCTTTC-1	image_cluster_1
GGCGCGTTCGAGTTTA-1	image_cluster_0
GGCGCTCCTCATCAAT-1	image_cluster_4
GGCGGAGTAATATTAG-1	image_cluster_3
GGCGGTAGGATCATTG-1	image_cluster_0
GGCGTCCTATCCGCTG-1	image_cluster_0
GGCTAAAGGGCGGGTC-1	image_cluster_1
GGCTACTATACACTCC-1	image_cluster_4
GGCTATTAAGTTGTAT-1	image_cluster_0
GGCTCCTCCACCTGTT-1	image_cluster_3
GGCTCGCGTTGAGGTA-1	image_cluster_4
GGCTCGTGCCACCAGC-1	image_cluster_4
GGCTCTGCTCCAACGC-1	image_cluster_1
GGCTGAAATAGCAAAG-1	image_cluster_1
GGCTGGCTAGCTTAAA-1	image_cluster_3
GGCTTTCAATAAGGGT-1	image_cluster_1
GGGAACGGGAGGTTAG-1	image_cluster_1
GGGAACGGTTTCAGAT-1	image_cluster_0
GGGAAGACGGTCTGTC-1	image_cluster_1
GGGACAGAGTTACTCC-1	image_cluster_4
GGGACCCGTATATCTT-1	image_cluster_1
GGGACTGCATAGATAG-1	image_cluster_1
GGGAGAACTCACAGTA-1	image_cluster_4
GGGAGGATGCCCGAAA-1	image_cluster_1
GGGAGTAATGGCTGGC-1	image_cluster_0
GGGAGTTAATGAGGCG-1	image_cluster_1
GGGATGGTCGTAACCG-1	image_cluster_1
GGGATTTACCGCACCT-1	image_cluster_1
GGGCAACCGCACGTGC-1	image_cluster_0
GGGCAGAGCAATCGTT-1	image_cluster_3
GGGCCCGTCTTAAACA-1	image_cluster_1
GGGCCCTACGAAAGGG-1	image_cluster_2
GGGCCGGCCGAAGTAC-1	image_cluster_1
GGGCGATATGTGTGAA-1	image_cluster_4
GGGCGGCAAATGAATT-1	image_cluster_1
GGGCGGGTTCCCTACG-1	image_cluster_0
GGGCGGTCCTATTGTC-1	image_cluster_0
GGGCGTACATTTATAT-1	image_cluster_4
GGGCGTCACCACGTAA-1	image_cluster_3
GGGCGTCCACTGGCTC-1	image_cluster_3
GGGCGTGGTTTCCCAG-1	image_cluster_1
GGGCGTTTACATTCAT-1	image_cluster_0
GGGCTATGATCGATGG-1	image_cluster_0
GGGCTCATCGAACCCA-1	image_cluster_3
GGGCTGCCTAGGGCGA-1	image_cluster_4
GGGCTGGTTAGTCGCG-1	image_cluster_1
GGGTACCCACGGTCCT-1	image_cluster_0
GGGTACTTCATGAACT-1	image_cluster_4
GGGTATGTATGCACTT-1	image_cluster_0
GGGTATTCTAGCAAAC-1	image_cluster_3
GGGTCACCGTGACGGT-1	image_cluster_3
GGGTCAGGAGCTAGAT-1	image_cluster_1
GGGTCCTTGGAAGAAG-1	image_cluster_2
GGGTGACACCTTAACT-1	image_cluster_1
GGGTGGTCCAGCCTGT-1	image_cluster_1
GGGTGTTTCAGCTATG-1	image_cluster_3
GGGTTAACATTTGAGT-1	image_cluster_1
GGGTTCAGACGAACAA-1	image_cluster_0
GGTAAATGTGCGTTAC-1	image_cluster_0
GGTAACCGGGAGGATA-1	image_cluster_0
GGTAACTATGTATCTG-1	image_cluster_0
GGTACAAACATGCTAT-1	image_cluster_1
GGTACATCTGGGACGA-1	image_cluster_0
GGTACCATTAAGACGG-1	image_cluster_4
GGTAGAAGACCGCCTG-1	image_cluster_1
GGTAGACCGTTGGGCG-1	image_cluster_1
GGTAGTGCTCGCACCA-1	image_cluster_1
GGTATTGCCGAGTTTA-1	image_cluster_1
GGTCACGTTAGATTCA-1	image_cluster_0
GGTCAGTGGGTCCCAC-1	image_cluster_0
GGTCGGATAAACGGCG-1	image_cluster_0
GGTCGGCCAGGAGCTT-1	image_cluster_1
GGTCGGTAATTAGACA-1	image_cluster_4
GGTCGGTCGTCCACAG-1	image_cluster_0
GGTCGTAAGCTCGCAC-1	image_cluster_0
GGTCTCTGAATGGACT-1	image_cluster_0
GGTCTGAGAATCTGGA-1	image_cluster_0
GGTCTTGAGCGCTCTT-1	image_cluster_0
GGTGAAACCGGGAATG-1	image_cluster_0
GGTGAACGGGCTAGCC-1	image_cluster_0
GGTGAAGTACAGGGAT-1	image_cluster_3
GGTGAGATGCAGATAA-1	image_cluster_4
GGTGATAAGGAGCAGT-1	image_cluster_1
GGTGATTTCATCTTGT-1	image_cluster_0
GGTGCGGATAAGTGGC-1	image_cluster_4
GGTGCTGATCACAAAG-1	image_cluster_0
GGTGCTGGTACACATT-1	image_cluster_1
GGTGGACTGCTCTGGC-1	image_cluster_1
GGTTACCACCCTCGGG-1	image_cluster_0
GGTTAGCTATATGTCT-1	image_cluster_1
GGTTAGGCTTGGAGAA-1	image_cluster_0
GGTTAGTTACGGCGCC-1	image_cluster_4
GGTTCTACTCGTCTGA-1	image_cluster_4
GGTTTAATTACCATCG-1	image_cluster_0
GGTTTACAATCTCAAT-1	image_cluster_1
GGTTTAGCCTTTCTTG-1	image_cluster_0
GGTTTCAATCGGTCAG-1	image_cluster_1
GGTTTGAGTGCTGGAA-1	image_cluster_3
GTAACTTGCGGCAGTC-1	image_cluster_0
GTAAGCGGGCAGTCAG-1	image_cluster_1
GTAAGGATTTGTCGGA-1	image_cluster_4
GTAAGTAACAGTCTGG-1	image_cluster_1
GTAAGTAGGGTATACC-1	image_cluster_4
GTAATAAAGGGCTCCC-1	image_cluster_0
GTAATCTGATTCTTCG-1	image_cluster_0
GTACACTTACCTGAAG-1	image_cluster_3
GTACAGAGGCAAGGGT-1	image_cluster_1
GTACGACGGCGCTGCG-1	image_cluster_0
GTACGAGATTGCGACA-1	image_cluster_1
GTACGCTTCATTGCAC-1	image_cluster_1
GTACGTTTGCCCGTCA-1	image_cluster_1
GTACTAAGATTTGGAG-1	image_cluster_0
GTACTCCCTTATCGCT-1	image_cluster_0
GTACTCCTGGGTATGC-1	image_cluster_4
GTACTGAGGTCGTAAC-1	image_cluster_0
GTACTGCATGAAGCGT-1	image_cluster_3
GTACTGGAGTTAGACC-1	image_cluster_1
GTACTTGGGCACTTCT-1	image_cluster_4
GTAGACAACCGATGAA-1	image_cluster_3
GTAGACACGCCTGACT-1	image_cluster_1
GTAGACGTCGTTACAT-1	image_cluster_0
GTAGAGGGAGACAAGT-1	image_cluster_0
GTAGCCAAACATGGGA-1	image_cluster_1
GTAGCGCTGTTGTAGT-1	image_cluster_1
GTAGCGGCTATACACT-1	image_cluster_3
GTAGCTCCGGGAGGCT-1	image_cluster_0
GTAGCTTCCTCTTGTT-1	image_cluster_1
GTAGGTGATCCGTGTA-1	image_cluster_1
GTAGTCGCGGGAATCA-1	image_cluster_1
GTAGTCTACGATATTG-1	image_cluster_1
GTAGTTCGAAGGCGAA-1	image_cluster_4
GTATAGGACTCAGTAG-1	image_cluster_3
GTATATGTTACGGCGG-1	image_cluster_0
GTATCAAACGTTAGCT-1	image_cluster_4
GTATCAGCTTGGGTTC-1	image_cluster_4
GTATCTCAGTCTTGAC-1	image_cluster_4
GTATCTTTCATAACCA-1	image_cluster_1
GTATGAAATTTCACTC-1	image_cluster_4
GTATGACGTGGGAAAC-1	image_cluster_0
GTATGTGGGTCTAGTT-1	image_cluster_1
GTATTAAGGCGTCTAA-1	image_cluster_0
GTATTCTGAGAAACGA-1	image_cluster_1
GTATTCTTACCGTGCT-1	image_cluster_4
GTCAAAGAAGTGGTGT-1	image_cluster_4
GTCAAAGTTTACATAG-1	image_cluster_0
GTCAAGCGGACTCGGG-1	image_cluster_1
GTCAATTGTACTGAAG-1	image_cluster_0
GTCACAAAGTTTCCAA-1	image_cluster_0
GTCACTCTCCAAATCT-1	image_cluster_0
GTCAGAATAGTCTATG-1	image_cluster_4
GTCAGTTGTGCTCGTT-1	image_cluster_1
GTCATGCACCTCCGTT-1	image_cluster_0
GTCATGGACATGACTA-1	image_cluster_0
GTCATTAGAGCGAACG-1	image_cluster_0
GTCCAATATTTAGCCT-1	image_cluster_1
GTCCATTACTGCTACG-1	image_cluster_4
GTCCCAACGTAAAGTA-1	image_cluster_1
GTCCCGCGACGTTATG-1	image_cluster_1
GTCCGGACCTGAAATT-1	image_cluster_4
GTCCGGCTGAATTGCG-1	image_cluster_4
GTCCTACAGGCGGCTC-1	image_cluster_4
GTCCTACGAATAGTCT-1	image_cluster_1
GTCCTTCTAGTGGGTT-1	image_cluster_4
GTCGAATTTGGGCGCT-1	image_cluster_0
GTCGCCGTTGTGTGTT-1	image_cluster_1
GTCGCGTAACCCGTTG-1	image_cluster_3
GTCGGATATCTCAGAC-1	image_cluster_0
GTCGGATGTAGCGCGC-1	image_cluster_1
GTCGGGAAGCAGAAAC-1	image_cluster_1
GTCGTACCATCTCGGG-1	image_cluster_3
GTCGTATTGGCGTACA-1	image_cluster_4
GTCGTCAATTATAAGG-1	image_cluster_0
GTCGTTATTCGCTTAT-1	image_cluster_1
GTCTATCTGAGTTTCT-1	image_cluster_3
GTCTATTGGTTCCGGT-1	image_cluster_3
GTCTCAAGGCCCGGCT-1	image_cluster_1
GTCTCGATCTGCTTTC-1	image_cluster_1
GTCTGGGCGGTCGAGA-1	image_cluster_1
GTCTTAGTACAGCCGG-1	image_cluster_3
GTGAAACGGCGCCACC-1	image_cluster_3
GTGAAACGTGCTCCAC-1	image_cluster_0
GTGAACTCCCATTCGA-1	image_cluster_4
GTGACAGCTTCCCACT-1	image_cluster_1
GTGACCGCACACTACG-1	image_cluster_1
GTGACGCAGGTTTCAT-1	image_cluster_1
GTGACTTCAGTAGTGC-1	image_cluster_1
GTGAGCGTGCTGCACT-1	image_cluster_4
GTGAGGACACTTAAGG-1	image_cluster_1
GTGAGGAGCGGTTGAG-1	image_cluster_3
GTGAGTGGTACAACGC-1	image_cluster_1
GTGATCAAGCGTGCAC-1	image_cluster_4
GTGATCACTAACGCCT-1	image_cluster_0
GTGATCATAGATCTGC-1	image_cluster_1
GTGATCCTTGTCATGA-1	image_cluster_3
GTGATTCGCCGCTCAA-1	image_cluster_1
GTGCAACAAATGTGGC-1	image_cluster_1
GTGCACCAGCTTCAAC-1	image_cluster_1
GTGCACGAAAGTGACT-1	image_cluster_1
GTGCCATCACACGGTG-1	image_cluster_0
GTGCCCGTTCGGATTC-1	image_cluster_1
GTGCCGCTTCAAAGGT-1	image_cluster_1
GTGCCTCAGTGTACGG-1	image_cluster_4
GTGCGAAATCGAACAC-1	image_cluster_1
GTGCGACAGGGAGTGT-1	image_cluster_0
GTGCGCAGCTTGCTCC-1	image_cluster_0
GTGCGGGACCATCGGC-1	image_cluster_0
GTGCGGGTCTCCAAAT-1	image_cluster_4
GTGCGTGTATATGAGC-1	image_cluster_1
GTGCTCAAGTACTGTC-1	image_cluster_1
GTGGAACCTACATGCG-1	image_cluster_4
GTGGACCAACCCGATT-1	image_cluster_0
GTGGACGCATTTGTCC-1	image_cluster_3
GTGGACGTGCTGAGAC-1	image_cluster_4
GTGGAGCGTTTACCGA-1	image_cluster_2
GTGGAGTCGGCGGTTG-1	image_cluster_1
GTGGCAAACAGCGGCA-1	image_cluster_0
GTGGCGGTCCCAGCGT-1	image_cluster_4
GTGGGAAGACTGAATC-1	image_cluster_2
GTGGGCTTAGACACAC-1	image_cluster_3
GTGGTATAGTCTGCCG-1	image_cluster_0
GTGGTGGCCAAGTGAA-1	image_cluster_1
GTGGTTACTTCTTTCG-1	image_cluster_4
GTGGTTTCCGCCTTTC-1	image_cluster_0
GTGTACCTTGGCTACG-1	image_cluster_1
GTGTATATCAGCGGGC-1	image_cluster_1
GTGTATGACTTTAAAG-1	image_cluster_3
GTGTCGTATAGCGTTC-1	image_cluster_1
GTGTGAATAACTTAGG-1	image_cluster_1
GTGTTACTATGCGTCC-1	image_cluster_1
GTTAAAGTAGGACTGG-1	image_cluster_1
GTTAACATCACTTAAA-1	image_cluster_1
GTTAAGGGTGCGATGT-1	image_cluster_1
GTTACAATTGGTGACG-1	image_cluster_0
GTTACCTACAACTTGC-1	image_cluster_1
GTTACGGCCCGACTGC-1	image_cluster_0
GTTACTTTGGGCCTAG-1	image_cluster_1
GTTAGAGTGTGCCGCT-1	image_cluster_4
GTTATATTATCTCCCT-1	image_cluster_0
GTTATCACCTTCTGAA-1	image_cluster_4
GTTATTAACGTGGGAG-1	image_cluster_0
GTTCACAGGAGTCTAG-1	image_cluster_0
GTTCATCGTTTGGCTG-1	image_cluster_0
GTTCCAGTCTGACCAT-1	image_cluster_4
GTTCGACAATTGTATA-1	image_cluster_0
GTTCGCCATAAGTGCC-1	image_cluster_1
GTTCGTCTAAAGAACT-1	image_cluster_1
GTTCTTCCCTCGATGT-1	image_cluster_1
GTTGAACCGGTTCCAT-1	image_cluster_1
GTTGAGTCCCGCCGGT-1	image_cluster_1
GTTGCACGGAGTTTCG-1	image_cluster_0
GTTGGATTCAGTGGCT-1	image_cluster_4
GTTGGATTGAGAACAC-1	image_cluster_1
GTTGGATTTGCGTTGG-1	image_cluster_1
GTTGGTCATGCTATCC-1	image_cluster_1
GTTGTCGTGTTAGTTG-1	image_cluster_0
GTTTACGTTCCATCTG-1	image_cluster_0
GTTTCATATCGTCGCT-1	image_cluster_0
GTTTCCTGGAGGGTGA-1	image_cluster_3
GTTTCTGCAGTCTCCC-1	image_cluster_0
GTTTGACCAAATCCTA-1	image_cluster_4
GTTTGGCCCAAGTTAT-1	image_cluster_1
GTTTGGCCGCTCAGCG-1	image_cluster_3
GTTTGGGCTTGTGAGC-1	image_cluster_1
GTTTGGTAGGGTCAAC-1	image_cluster_1
GTTTGGTGATCGGTGC-1	image_cluster_4
TAAACCCAGGAGGGCA-1	image_cluster_0
TAAAGAGCCCGAAACC-1	image_cluster_0
TAAAGCGGTATTTCCA-1	image_cluster_1
TAAAGCGTTAGGAGAA-1	image_cluster_1
TAAAGCTGCAATAGGG-1	image_cluster_4
TAAATGAATCCGTTTC-1	image_cluster_4
TAACAAAGGGAGAAGC-1	image_cluster_4
TAACAGCGTTTGTGCT-1	image_cluster_0
TAACATACAATGTGGG-1	image_cluster_3
TAACATACACGCGATC-1	image_cluster_0
TAACCGCCCGCAGTGC-1	image_cluster_1
TAACCTACCGTCCGAG-1	image_cluster_1
TAACGCTTTGAGAGCG-1	image_cluster_4
TAACTATCGAAGGTCC-1	image_cluster_4
TAACTCATCCGCGCGG-1	image_cluster_3
TAACTCCATGGAGGCT-1	image_cluster_0
TAAGAGGGACAGGGAC-1	image_cluster_4
TAAGATTTAGCGGGAG-1	image_cluster_4
TAAGCAGGCGACACGC-1	image_cluster_0
TAAGCGCGAATCAAAT-1	image_cluster_0
TAAGGAACTTGTGGGA-1	image_cluster_3
TAAGGCAACATAAGAT-1	image_cluster_4
TAAGGCATAACATCAA-1	image_cluster_3
TAAGGCCCGTCACCCT-1	image_cluster_1
TAAGGCTGAATCCCTC-1	image_cluster_4
TAAGGGCCTGTCCGAT-1	image_cluster_1
TAAGGGCTGGGAGAGG-1	image_cluster_0
TAAGTAACATCTTGAC-1	image_cluster_1
TAAGTCGCCGAGTATC-1	image_cluster_0
TAAGTTGCGACGTAGG-1	image_cluster_1
TAATAAACAAGGAGAT-1	image_cluster_3
TAATACACAGTAGTAT-1	image_cluster_1
TAATAGAACAGAGTTA-1	image_cluster_3
TAATAGGTCACCAGAA-1	image_cluster_3
TAATAGTGACGACCAG-1	image_cluster_1
TAATATTGAAATTCGC-1	image_cluster_3
TAATCGATCCGTACGT-1	image_cluster_0
TAATGAAAGACCCTTG-1	image_cluster_3
TAATTAGATGGATATG-1	image_cluster_0
TACAACGCACAACTCA-1	image_cluster_1
TACAAGTCTCGTGCAT-1	image_cluster_0
TACAGAAACGGTGGGC-1	image_cluster_1
TACATAGGCATACACC-1	image_cluster_1
TACATTTCTAACGTGC-1	image_cluster_3
TACCAAATAGCCCAGA-1	image_cluster_1
TACCAATAAAGTACCA-1	image_cluster_4
TACCAGAAGTAGGTTC-1	image_cluster_1
TACCAGCTAGGTTTAA-1	image_cluster_0
TACCAGGAATCCCGTC-1	image_cluster_4
TACCGCGGACTTGCAG-1	image_cluster_0
TACCGGCTCACTGCCC-1	image_cluster_1
TACCGGTCGTTTCCAT-1	image_cluster_4
TACCGTAGGTTAACTA-1	image_cluster_1
TACCGTGCCTCGGACC-1	image_cluster_1
TACCTACTCCCAGTAT-1	image_cluster_1
TACCTCACGCTTGTAC-1	image_cluster_3
TACCTCAGTTGTCTGT-1	image_cluster_1
TACCTCCACACCAATG-1	image_cluster_0
TACCTGCTGCACTGTG-1	image_cluster_2
TACCTTAAGATTTCCC-1	image_cluster_0
TACGAACACGACTTCA-1	image_cluster_0
TACGACGCTTGCTGCG-1	image_cluster_1
TACGACTGCCTCTTAG-1	image_cluster_1
TACGAGAACTTCACGT-1	image_cluster_0
TACGATGTTGATCATC-1	image_cluster_0
TACGCAGTTCTTTCCT-1	image_cluster_1
TACGCCATATTCTAAT-1	image_cluster_1
TACGCCGAGGGTACCC-1	image_cluster_0
TACGCCTCCATTCCGA-1	image_cluster_1
TACGCTATAGAAACCT-1	image_cluster_4
TACGCTGATAGTTGTA-1	image_cluster_2
TACGCTGCTGTGTTAA-1	image_cluster_0
TACGGGATGCTAGCAG-1	image_cluster_1
TACGTACTAGTGCTGA-1	image_cluster_3
TACGTGCACTATGCTG-1	image_cluster_4
TACGTTTACCGGCAAT-1	image_cluster_4
TACTATGGTTCCTCAG-1	image_cluster_3
TACTCCTCTAGTTGAC-1	image_cluster_1
TACTCGGCACGCCGGG-1	image_cluster_0
TACTCTCCGAACAAAT-1	image_cluster_1
TACTCTTTCGTCTTCA-1	image_cluster_3
TACTGAACAGATTTAG-1	image_cluster_3
TACTGCAATCAATTAC-1	image_cluster_4
TACTGGACAGCTCGGC-1	image_cluster_0
TACTTGTTAGTAGTCC-1	image_cluster_1
TACTTTACTGAGCCGG-1	image_cluster_0
TACTTTCCGCACGCCA-1	image_cluster_0
TAGAAAGGTGGCGCTA-1	image_cluster_1
TAGAATTAAGGGCAAC-1	image_cluster_0
TAGACGAAACGCCAAT-1	image_cluster_1
TAGACGCCCGTACCGG-1	image_cluster_1
TAGACTACCTAGCGTT-1	image_cluster_4
TAGAGATCATGCAACT-1	image_cluster_0
TAGAGCTACGAAGAAC-1	image_cluster_0
TAGAGGTTCTACTTGT-1	image_cluster_3
TAGAGTCTAAGCGAAC-1	image_cluster_0
TAGATATGGACTGGAA-1	image_cluster_1
TAGATCCGAAGTCGCA-1	image_cluster_1
TAGATTCAAAGTGCGG-1	image_cluster_3
TAGATTCCTGGTTATT-1	image_cluster_0
TAGCAACCTGTCACAA-1	image_cluster_4
TAGCCATTTCAAAGTC-1	image_cluster_1
TAGCCGGCGGTCAGCG-1	image_cluster_1
TAGCGTCCGGTGTGGT-1	image_cluster_1
TAGCGTTGGGTCTTAC-1	image_cluster_0
TAGCTAAGTCCGGGAG-1	image_cluster_3
TAGCTAGAAGGCATGA-1	image_cluster_1
TAGCTAGTGATGATGG-1	image_cluster_3
TAGCTCGCCTGATAAC-1	image_cluster_0
TAGGCATGTTACGCCA-1	image_cluster_1
TAGGGAGCTTGGGATG-1	image_cluster_1
TAGGGTGTTTCAAGAG-1	image_cluster_4
TAGGTCCAAGTAAGGA-1	image_cluster_2
TAGGTCGCCGGAACTG-1	image_cluster_0
TAGGTGACGATAACCT-1	image_cluster_1
TAGGTGAGCCCTACTC-1	image_cluster_0
TAGGTGCTCGCCTAGC-1	image_cluster_1
TAGGTGTTCCACAGAT-1	image_cluster_1
TAGGTTCGAGTTCGTC-1	image_cluster_0
TAGTACCTTAGTGGTC-1	image_cluster_0
TAGTAGCTTATACCAG-1	image_cluster_1
TAGTCCGCAGAGAATG-1	image_cluster_1
TAGTCCTGCACTAAGC-1	image_cluster_0
TAGTCGATCACGGGTT-1	image_cluster_4
TAGTCTAACAACGAGA-1	image_cluster_0
TAGTGAGAAGTGGTTG-1	image_cluster_4
TAGTGCCCTCCAGAGT-1	image_cluster_1
TAGTGTCAGAAACGGC-1	image_cluster_0
TAGTTAAGATAGGATA-1	image_cluster_0
TAGTTTATTCTTGCTT-1	image_cluster_1
TATAAATCCACAAGCT-1	image_cluster_4
TATAAGTGAGGATAGC-1	image_cluster_4
TATACACAGACGCCTT-1	image_cluster_3
TATACACGCAAAGTAT-1	image_cluster_4
TATACGCGTCATCACT-1	image_cluster_1
TATACTCATGCGGCAA-1	image_cluster_4
TATAGAGTCGCTTGAA-1	image_cluster_2
TATAGATGGTCGCAGT-1	image_cluster_0
TATAGGGTACTCATGA-1	image_cluster_0
TATAGTTAGGTGTACT-1	image_cluster_3
TATATAGGGCTTTACG-1	image_cluster_0
TATATATCGAGAAATG-1	image_cluster_0
TATATCCCTGGGAGGA-1	image_cluster_1
TATATTCGCGTCGATA-1	image_cluster_4
TATCACAGCACGGGCA-1	image_cluster_1
TATCACCCAACCGACC-1	image_cluster_0
TATCCAATTGGTTATC-1	image_cluster_1
TATCCATATCATGCGA-1	image_cluster_3
TATCCATCTCGGTTAG-1	image_cluster_0
TATCCGCACCGTCGGG-1	image_cluster_1
TATCCTGCATGGGAAT-1	image_cluster_3
TATCGATCTATGCATA-1	image_cluster_1
TATCGATGATTAAACG-1	image_cluster_4
TATCTACAGAGGTAAT-1	image_cluster_3
TATCTACCACAGCGGG-1	image_cluster_1
TATCTTGCAATACAAC-1	image_cluster_4
TATGAAGACAGGTGCG-1	image_cluster_3
TATGATCTTCTCTTTA-1	image_cluster_1
TATGATTCTGCTTGGT-1	image_cluster_0
TATGCTCCCTACTTAC-1	image_cluster_1
TATGGAGTTTCTCGTT-1	image_cluster_0
TATGGATGTGCTACGC-1	image_cluster_0
TATGGCCCGGCCTCGC-1	image_cluster_0
TATGGGACCGAGCAGG-1	image_cluster_1
TATGGGTACGTATCGT-1	image_cluster_1
TATGGTCTGAGTAACA-1	image_cluster_1
TATGGTTAGTGGGAGA-1	image_cluster_4
TATGTCAAGACCGACT-1	image_cluster_1
TATGTCTCATTGTGCC-1	image_cluster_1
TATTAACCTGACCGCG-1	image_cluster_0
TATTACCATCCTGCTT-1	image_cluster_0
TATTATGTTTGCCTGC-1	image_cluster_4
TATTCAATTCTAATCC-1	image_cluster_1
TATTCCACTCAGCTCG-1	image_cluster_0
TATTCCGAGCTGTTAT-1	image_cluster_1
TATTCCGGCAGTCCTA-1	image_cluster_3
TATTCCTCCGCCCACT-1	image_cluster_0
TATTCGTGCCAGAATA-1	image_cluster_4
TATTTAGTCTAGATCG-1	image_cluster_4
TATTTATACCGAGTAG-1	image_cluster_1
TATTTGTTACCCTTTA-1	image_cluster_3
TCAAACAACCGCGTCG-1	image_cluster_1
TCAAACTTAGATTGTT-1	image_cluster_3
TCAAAGTCACGGCGTC-1	image_cluster_3
TCAAATTTGAGACTCA-1	image_cluster_1
TCAACAAAGATAATTC-1	image_cluster_0
TCAACACATTGGGTAA-1	image_cluster_0
TCAACATAGCGCCCTA-1	image_cluster_1
TCAACATCGACCGAGA-1	image_cluster_0
TCAACCATGTTCGGGC-1	image_cluster_3
TCAACGAGGAGACAAA-1	image_cluster_3
TCAACGCAGGAAATAA-1	image_cluster_0
TCAACGCGACCGGCAG-1	image_cluster_0
TCAACTAACGTATAAC-1	image_cluster_3
TCAAGGTTACTACACC-1	image_cluster_0
TCAATACGCCGTCATG-1	image_cluster_1
TCACAGCAAACTCGAA-1	image_cluster_3
TCACAGGAGAATAAGA-1	image_cluster_1
TCACAGGGAATCGCAA-1	image_cluster_1
TCACAGGTTATTGGGC-1	image_cluster_1
TCACATCTTATCTGAT-1	image_cluster_3
TCACCCTCTTAAGATT-1	image_cluster_1
TCACCGCTCGGCACTC-1	image_cluster_0
TCACGATGTCCGTGGA-1	image_cluster_0
TCACGCATTGTAGATC-1	image_cluster_1
TCACGGCCCAAGAGAG-1	image_cluster_4
TCACGGTCATCGCACA-1	image_cluster_4
TCACGTGCCCGATTCA-1	image_cluster_3
TCACTCGTGCAACGGC-1	image_cluster_1
TCAGACGCTATAGAAG-1	image_cluster_1
TCAGCAAATGCATCTC-1	image_cluster_1
TCAGCAGTAGGCCCTG-1	image_cluster_1
TCAGGGTGTAACGTAA-1	image_cluster_4
TCAGGTTCTTTGAGAA-1	image_cluster_3
TCAGTACTGACCCGCG-1	image_cluster_0
TCAGTAGGGACTATAA-1	image_cluster_1
TCAGTGTATACGTCAT-1	image_cluster_1
TCATACTTACAGATCC-1	image_cluster_4
TCATATGAGCTTTGTT-1	image_cluster_1
TCATCACTCGAGCTCG-1	image_cluster_0
TCATCCCAGAGGGTGG-1	image_cluster_1
TCATCGATGGTCCCAA-1	image_cluster_4
TCATGCAGGTTCTCAT-1	image_cluster_1
TCATTTAAGTCTCCGA-1	image_cluster_1
TCCAACTTTAAATTCT-1	image_cluster_0
TCCAATAAAGGCTACC-1	image_cluster_3
TCCACAATGGTTTACG-1	image_cluster_3
TCCACCTCTAGCCTTT-1	image_cluster_3
TCCACTTTATCTAGGT-1	image_cluster_1
TCCAGAGCACCGGTTC-1	image_cluster_0
TCCAGGCGAGTACGGT-1	image_cluster_3
TCCAGGGTATATACGA-1	image_cluster_1
TCCATCAATACTAATC-1	image_cluster_2
TCCATTAGTTGGATAG-1	image_cluster_0
TCCATTGTGACCTCGT-1	image_cluster_1
TCCCAAAGACGAAGGA-1	image_cluster_0
TCCCAGCTTTAGTCTG-1	image_cluster_1
TCCCAGGCTTAGCTAA-1	image_cluster_1
TCCCGCGTACTCCTGG-1	image_cluster_3
TCCCGGGTGTGCTGCT-1	image_cluster_0
TCCCGGTCAGGAATTT-1	image_cluster_0
TCCCGTCAGTCCCGCA-1	image_cluster_3
TCCCGTGTGCAATTTG-1	image_cluster_1
TCCCTGGCGTATTAAC-1	image_cluster_4
TCCCTGGCTCGCTGGA-1	image_cluster_4
TCCCTTAGATTACTCG-1	image_cluster_1
TCCGAACTTGGCTTAC-1	image_cluster_0
TCCGACCGCTAATCAA-1	image_cluster_1
TCCGAGAAGGCTAAGC-1	image_cluster_3
TCCGATAATTGCCATA-1	image_cluster_0
TCCGATGACTGAGCTC-1	image_cluster_1
TCCGATGGTGCGACAT-1	image_cluster_4
TCCGATTACATTGCCG-1	image_cluster_0
TCCGCCTGTCTACAAG-1	image_cluster_1
TCCGCGGCAGCATCTG-1	image_cluster_1
TCCGCGGCCCAATGAA-1	image_cluster_3
TCCGCTGTCATCCCGG-1	image_cluster_1
TCCGCTTATCCCATTA-1	image_cluster_3
TCCGGCCTAGCGTACA-1	image_cluster_0
TCCGGTTCGTCCGGTC-1	image_cluster_0
TCCGTTAAGCTAATAT-1	image_cluster_1
TCCGTTTAGCCTTGAA-1	image_cluster_1
TCCTAAATTGGGAAGC-1	image_cluster_1
TCCTAACCGTCGGGCA-1	image_cluster_0
TCCTACATCCACGGCC-1	image_cluster_1
TCCTAGCAAAGAAGCT-1	image_cluster_1
TCCTCCTAAGACATTC-1	image_cluster_0
TCCTCGGGCTGGGCTT-1	image_cluster_1
TCCTCTACGAGATGGC-1	image_cluster_4
TCCTCTCCAGTTGTCC-1	image_cluster_3
TCCTCTGGCCCATTAG-1	image_cluster_4
TCCTGCCAACTGGAGA-1	image_cluster_1
TCCTGCGTTGATACTC-1	image_cluster_0
TCCTTACGACGGTCCG-1	image_cluster_0
TCCTTCAGTGGTCGAA-1	image_cluster_1
TCCTTTAAATCCGCTT-1	image_cluster_1
TCCTTTCTTACGCTTA-1	image_cluster_4
TCGAAATTTAGGACCA-1	image_cluster_3
TCGAAGAACCGAGCAC-1	image_cluster_4
TCGAATATCCCGCAGG-1	image_cluster_4
TCGACAACTGAACCCG-1	image_cluster_2
TCGACATAGCGTAGCG-1	image_cluster_3
TCGAGACCAACACCGT-1	image_cluster_3
TCGAGCCAGGCAGGCC-1	image_cluster_1
TCGATAGGCTAGTCGC-1	image_cluster_4
TCGCAAAGATGCATTT-1	image_cluster_1
TCGCACCAGGAGGCAG-1	image_cluster_1
TCGCATCCCTAAGTGT-1	image_cluster_0
TCGCATTCAATGACTT-1	image_cluster_4
TCGCCGAAGTTGCGTC-1	image_cluster_1
TCGCCGGTCGATCCGT-1	image_cluster_1
TCGCGTCCAGAAGGTC-1	image_cluster_0
TCGCTAAACCGCTATC-1	image_cluster_1
TCGCTACTGGCTTTGA-1	image_cluster_1
TCGCTCGATATATTCC-1	image_cluster_4
TCGCTGGGCGGATTGT-1	image_cluster_4
TCGCTGTGCGTAAATC-1	image_cluster_0
TCGCTTTAAACGTTTG-1	image_cluster_1
TCGGAATGACCATCAA-1	image_cluster_1
TCGGAATGCGCTCTGA-1	image_cluster_0
TCGGACGCCCAGCCCA-1	image_cluster_1
TCGGAGAGTATCGGGA-1	image_cluster_0
TCGGAGTACATGAGTA-1	image_cluster_1
TCGGCGAACCCAAACC-1	image_cluster_4
TCGGGAGACAGCGTAC-1	image_cluster_1
TCGGGCCGTCGTGGTA-1	image_cluster_1
TCGGGTGAAACTGCTA-1	image_cluster_0
TCGGTCCCGACAATAG-1	image_cluster_0
TCGGTCCCTGACTCCA-1	image_cluster_4
TCGTAAGACGACATTG-1	image_cluster_1
TCGTATAGTGCAATTA-1	image_cluster_0
TCGTATTACCCATTGC-1	image_cluster_0
TCGTCAAGTACGCGCA-1	image_cluster_3
TCGTCACACTGTTAGC-1	image_cluster_0
TCGTCCGCTGGCGTCT-1	image_cluster_4
TCGTCTTAGGCGTTAA-1	image_cluster_1
TCGTTAGGAGTCCCTA-1	image_cluster_0
TCGTTCGTTATTATGT-1	image_cluster_0
TCGTTGCTATCCGGTC-1	image_cluster_3
TCGTTGGCTCGTCAAT-1	image_cluster_3
TCTAATACTGCCTCAG-1	image_cluster_0
TCTACCGTCCACAAGC-1	image_cluster_0
TCTAGCAATCTCCGCC-1	image_cluster_0
TCTAGCATCTTCGATG-1	image_cluster_0
TCTAGCATGCCCAGAA-1	image_cluster_1
TCTAGGTGGCGACGCT-1	image_cluster_4
TCTAGTGATATCGTGG-1	image_cluster_0
TCTAGTTATCAGAAGA-1	image_cluster_1
TCTATCATGCAGTTAC-1	image_cluster_4
TCTATCGGTCGCAACA-1	image_cluster_3
TCTATTACGCTGGCGA-1	image_cluster_0
TCTCATGAGATAGGGT-1	image_cluster_1
TCTCCAACGTAGGTTA-1	image_cluster_1
TCTCCCTGGGCAGCGT-1	image_cluster_1
TCTCGAACGAGGTCAC-1	image_cluster_4
TCTCGGCTCCAGGACT-1	image_cluster_0
TCTCTAATAGCTGGTA-1	image_cluster_4
TCTCTTACCGCGAACC-1	image_cluster_4
TCTGAACCGGTCGGCT-1	image_cluster_4
TCTGAACTCGTACCCG-1	image_cluster_0
TCTGAAGCACGTGGTC-1	image_cluster_1
TCTGAATTCCGTACAA-1	image_cluster_1
TCTGATGTATTCTGTC-1	image_cluster_1
TCTGCCAGAAACTGCA-1	image_cluster_1
TCTGCGTCCGGTTTCT-1	image_cluster_3
TCTGGGAACCTTTGAA-1	image_cluster_1
TCTGGGTAGCGCTCAT-1	image_cluster_0
TCTGTCATACAAGAGC-1	image_cluster_0
TCTGTGACTGACCGTT-1	image_cluster_4
TCTGTGCCATCATAGT-1	image_cluster_1
TCTGTGGCTACATTTC-1	image_cluster_0
TCTGTTACCCAGCATA-1	image_cluster_3
TCTTACAGAGGTACCG-1	image_cluster_4
TCTTACCGGAACTCGT-1	image_cluster_1
TCTTACGGCATCCGAC-1	image_cluster_4
TCTTACTTATGCCTCT-1	image_cluster_1
TCTTAGAGTGAACTCT-1	image_cluster_0
TCTTCCCATGGGCACA-1	image_cluster_0
TCTTCGAATAGACGTT-1	image_cluster_3
TCTTCGATACCAATAA-1	image_cluster_4
TCTTCTATAACCCGCC-1	image_cluster_4
TCTTGATGCGTAGCGA-1	image_cluster_4
TCTTGCTCCCGATACT-1	image_cluster_0
TCTTGGTAACACCAAA-1	image_cluster_4
TCTTTAAGACTATGAA-1	image_cluster_0
TCTTTCTCTTAAGGAG-1	image_cluster_3
TGAAACTTATGCAAGC-1	image_cluster_0
TGAAAGGACCTGACTC-1	image_cluster_1
TGAACAAGCAGGGACT-1	image_cluster_4
TGAATGAGTGTTTCCC-1	image_cluster_4
TGACATCGAGCGGACC-1	image_cluster_1
TGACCAAATCTTAAAC-1	image_cluster_3
TGACCCACGTTAGACA-1	image_cluster_1
TGACGAATATTTCCCT-1	image_cluster_0
TGACGATGCACTAGAA-1	image_cluster_1
TGACTATAATCCTTTC-1	image_cluster_1
TGACTCCGAATCATAC-1	image_cluster_0
TGAGAATGCTTTACCG-1	image_cluster_3
TGAGAGATTTACCACG-1	image_cluster_3
TGAGATCAAATACTCA-1	image_cluster_4
TGAGATTAGGCCCTAA-1	image_cluster_4
TGAGCAGTCGTGAAGT-1	image_cluster_3
TGAGCCATACAGTCTC-1	image_cluster_1
TGAGCGGAAAGTGTTC-1	image_cluster_1
TGAGCTTTAATGACGC-1	image_cluster_1
TGAGGAGTGCCAGCTT-1	image_cluster_1
TGAGTAAATTAGCGTA-1	image_cluster_0
TGAGTGCCTCTTAAAT-1	image_cluster_1
TGAGTGGTCCGTGACG-1	image_cluster_1
TGATACATTTAGCCGT-1	image_cluster_3
TGATCAGGGAACTGCT-1	image_cluster_0
TGATCGGTTTGACCCT-1	image_cluster_0
TGATCTCCGGCGCCAG-1	image_cluster_3
TGATTCCCGGTTACCT-1	image_cluster_1
TGATTCGTCTATCACT-1	image_cluster_0
TGATTCTGTCGCCGGT-1	image_cluster_1
TGATTTATTAGCTGTG-1	image_cluster_4
TGATTTCCTCCTGACG-1	image_cluster_4
TGCAACCCATCTGCGG-1	image_cluster_3
TGCAAGAATGACGTAA-1	image_cluster_3
TGCACGAGTCGGCAGC-1	image_cluster_1
TGCAGAACTATATCGT-1	image_cluster_4
TGCAGAGTACCGAGCA-1	image_cluster_3
TGCAGATCGTCCTAGG-1	image_cluster_0
TGCAGCTACGTACTTC-1	image_cluster_0
TGCAGGATCGGCAAAG-1	image_cluster_3
TGCAGTGGTAGGGAAC-1	image_cluster_4
TGCAGTTTCCTCCCAT-1	image_cluster_1
TGCATATGTCTGTCAC-1	image_cluster_1
TGCATGGATCGGATCT-1	image_cluster_3
TGCATGTGGTAATCTA-1	image_cluster_1
TGCCAAAGTCAGACTT-1	image_cluster_0
TGCCAATGGGTACTCT-1	image_cluster_1
TGCCACCTGGCGAAAC-1	image_cluster_3
TGCCAGTACGTGGAGA-1	image_cluster_1
TGCCATTACTAAAGAA-1	image_cluster_1
TGCCCGTACCGTTAAA-1	image_cluster_1
TGCCGGATGTACGAGC-1	image_cluster_0
TGCCGTGGATCGTCCT-1	image_cluster_1
TGCCTGACATCGGTCA-1	image_cluster_0
TGCCTGATCAAACGAT-1	image_cluster_1
TGCCTTGGCCAGGCAA-1	image_cluster_1
TGCGACACCCTAGTGC-1	image_cluster_1
TGCGACGGCCGAACGT-1	image_cluster_4
TGCGAGAATATTACCC-1	image_cluster_1
TGCGCAAAGCATTTGG-1	image_cluster_0
TGCGCGATTAACGGAG-1	image_cluster_0
TGCGGAGTAAAGGTGC-1	image_cluster_3
TGCGGCATAGTTCAAC-1	image_cluster_1
TGCGGTGAAATTTCAT-1	image_cluster_0
TGCGTAAGAACCTGAT-1	image_cluster_1
TGCGTCATGACTGAGC-1	image_cluster_0
TGCGTGATTGGGTGTC-1	image_cluster_2
TGCGTTTGTTGACACT-1	image_cluster_1
TGCTAAGTGTCTATTT-1	image_cluster_1
TGCTATACAAACGGAC-1	image_cluster_4
TGCTATGGCAAAGGGA-1	image_cluster_0
TGCTCCACAGTTCTTA-1	image_cluster_4
TGCTCGGCGAAACCCA-1	image_cluster_1
TGCTCGGTGGGTCACC-1	image_cluster_1
TGCTCTTGAGAGTTTG-1	image_cluster_1
TGCTGGTTGGACAATT-1	image_cluster_0
TGCTGTTGAAGAACTC-1	image_cluster_0
TGCTTAGAGAGAATGC-1	image_cluster_4
TGCTTCCCAAGCAGTA-1	image_cluster_1
TGCTTGAAACCATGCA-1	image_cluster_2
TGGAAGAAGGGAACGT-1	image_cluster_0
TGGAAGACGAACACCA-1	image_cluster_0
TGGAAGGATAAAGATG-1	image_cluster_3
TGGAATTAGACGCTTT-1	image_cluster_2
TGGACCAATCTAAGAT-1	image_cluster_1
TGGACCACGGCGTTGA-1	image_cluster_0
TGGACGCAATCCAGCC-1	image_cluster_4
TGGACTGTTCGCTCAA-1	image_cluster_4
TGGAGCTAAAGTTCCC-1	image_cluster_1
TGGAGTGATGCGATGA-1	image_cluster_1
TGGCAAACTAAATTAC-1	image_cluster_1
TGGCAACTCGCGCGCC-1	image_cluster_1
TGGCAAGCACAAGTCG-1	image_cluster_1
TGGCAGATTACGATCA-1	image_cluster_3
TGGCAGCAGTAATAGT-1	image_cluster_3
TGGCCAAACTGAAGTA-1	image_cluster_3
TGGCCGTATATTGACC-1	image_cluster_4
TGGCGACTGCTCCAAA-1	image_cluster_1
TGGCGATCAAGTTATG-1	image_cluster_0
TGGCGGTGTGCGATTG-1	image_cluster_4
TGGCTATGTGACATAC-1	image_cluster_1
TGGCTTTGGGTAGACA-1	image_cluster_4
TGGGAAATGCCTTTCC-1	image_cluster_0
TGGGCACAAACAGAAC-1	image_cluster_1
TGGGCACGTTCTATGG-1	image_cluster_3
TGGGCCACAAGAGCGC-1	image_cluster_1
TGGGCCCATACTAATT-1	image_cluster_1
TGGGCGATACAATAAG-1	image_cluster_4
TGGGTAAGGTTCCCGC-1	image_cluster_1
TGGGTTTCGGGCGTAC-1	image_cluster_3
TGGTAGAATATATGGG-1	image_cluster_4
TGGTATCGCATCCCAA-1	image_cluster_1
TGGTATCGGTCTGTAT-1	image_cluster_1
TGGTCCCACGCTACGG-1	image_cluster_1
TGGTCTGTTGGGCGTA-1	image_cluster_3
TGGTTCAACGGGTAAT-1	image_cluster_1
TGGTTCGTAGCAAAGG-1	image_cluster_4
TGGTTGGAGGATCCTG-1	image_cluster_0
TGTACCTACACGAGGG-1	image_cluster_3
TGTACGAACAAATCCG-1	image_cluster_3
TGTACTGTGCCAAAGT-1	image_cluster_4
TGTAGGAGAAATTTCC-1	image_cluster_1
TGTAGTGATCTATAAT-1	image_cluster_0
TGTATAACAGATCCTG-1	image_cluster_1
TGTATCCTTATTCCAT-1	image_cluster_0
TGTATGGCGCAGACAG-1	image_cluster_1
TGTCCCGACATAGCAC-1	image_cluster_0
TGTCCGTGGCGCCTTT-1	image_cluster_3
TGTCCTAAGTCACCGC-1	image_cluster_4
TGTCGGCATGGTGGAA-1	image_cluster_0
TGTCGTTATCACATAT-1	image_cluster_2
TGTCTACAGTTTCTGT-1	image_cluster_0
TGTGACTACGCCAGTC-1	image_cluster_1
TGTGAGACTAGCCCAA-1	image_cluster_1
TGTGCCGGTGCCGGAA-1	image_cluster_3
TGTGCTTTACGTAAGA-1	image_cluster_3
TGTGGCAAAGCGTATG-1	image_cluster_0
TGTGGCGGGCTTCTGG-1	image_cluster_1
TGTGGTTGCTAAAGCT-1	image_cluster_4
TGTGTCGCGAGTTGCA-1	image_cluster_3
TGTGTTCGTATCCAAG-1	image_cluster_0
TGTTATTGTATGTGGC-1	image_cluster_1
TGTTCCGCTTCCATGA-1	image_cluster_0
TGTTCGTATTGCGGTG-1	image_cluster_3
TGTTCTTCCATTGACT-1	image_cluster_0
TGTTGTCAAGAAGTCT-1	image_cluster_1
TGTTTAATACTTCATC-1	image_cluster_1
TGTTTCGGTACTTCTC-1	image_cluster_4
TTAAACAGAGTCCCGC-1	image_cluster_0
TTAAACCGGTAGCGAC-1	image_cluster_1
TTAAACTCGAATTCAT-1	image_cluster_0
TTAACACCTCGAACAT-1	image_cluster_4
TTAACCAACCCTCCCT-1	image_cluster_3
TTAACGTCGCAAGACC-1	image_cluster_3
TTAACTTCAGGTAGGA-1	image_cluster_0
TTAAGATAGGATTGAC-1	image_cluster_1
TTAAGCCGACAACTTC-1	image_cluster_4
TTAAGCGCCTGACCCA-1	image_cluster_1
TTAAGGATACGGAGGT-1	image_cluster_0
TTAAGGCCCGTACTTT-1	image_cluster_0
TTAATCAGTACGTCAG-1	image_cluster_1
TTAATGTAGACCAGGT-1	image_cluster_3
TTAATTGCTTTGGGTG-1	image_cluster_1
TTAATTTCAGACGCGG-1	image_cluster_1
TTACAACTACGCATCC-1	image_cluster_4
TTACAGACCTAAATGA-1	image_cluster_4
TTACATCGTGGCCTGG-1	image_cluster_0
TTACATGCCACAACTA-1	image_cluster_4
TTACCATTGATTACCC-1	image_cluster_0
TTACCCATTGCCGGGT-1	image_cluster_1
TTACCCTAACAGTCCT-1	image_cluster_3
TTACCCTAGGGATTGG-1	image_cluster_1
TTACCGCCTTAGGGAA-1	image_cluster_0
TTACGGATGGTTCGAG-1	image_cluster_1
TTACGGTGTCACCGAG-1	image_cluster_3
TTACTAAAGGACTTTA-1	image_cluster_1
TTACTATCGGCTTCTC-1	image_cluster_0
TTACTCCGGCCGGGAA-1	image_cluster_1
TTACTCTGGTACGTAC-1	image_cluster_0
TTACTGGGATATTTCA-1	image_cluster_3
TTAGAAGAACATGACT-1	image_cluster_1
TTAGAATAAGGGTCGG-1	image_cluster_1
TTAGACACGATCGTTG-1	image_cluster_1
TTAGACGAGTCACCTC-1	image_cluster_1
TTAGAGTTTAGAAGGA-1	image_cluster_1
TTAGATAGGTCGATAC-1	image_cluster_0
TTAGCAACATGGATGT-1	image_cluster_4
TTAGCTAATACGATCT-1	image_cluster_1
TTAGCTGATTTGCCGT-1	image_cluster_1
TTAGGTCATAACCGAC-1	image_cluster_3
TTAGTAGGGCGGCGGG-1	image_cluster_0
TTAGTTATTCGTGGCA-1	image_cluster_1
TTATAGATGCACATTA-1	image_cluster_3
TTATAGGTAATTGTCT-1	image_cluster_1
TTATATACGCTGTCAC-1	image_cluster_3
TTATATTTGGCAATCC-1	image_cluster_4
TTATCCAATCGAACTC-1	image_cluster_0
TTATCCGGGATCTATA-1	image_cluster_1
TTATCCTCAAGGAATA-1	image_cluster_4
TTATCGCCTGCGAAGC-1	image_cluster_2
TTATCTGTATCATAAC-1	image_cluster_4
TTATGAATGAAAGGGA-1	image_cluster_3
TTATGACAAACTGGAT-1	image_cluster_4
TTATGATCTTAACGAA-1	image_cluster_1
TTATGCGTCCCGGTCC-1	image_cluster_0
TTATGTTTGCGATAGA-1	image_cluster_4
TTATTAGAGCGTGTTC-1	image_cluster_4
TTATTAGGGAAGCATC-1	image_cluster_1
TTCAAAGTCTCTAGCC-1	image_cluster_1
TTCAACGACCCGACCG-1	image_cluster_4
TTCAAGCCGAGCTGAG-1	image_cluster_4
TTCAATACTCTGAATC-1	image_cluster_1
TTCAATTAGCCATAAT-1	image_cluster_1
TTCACGAAAGGATCAC-1	image_cluster_1
TTCACGGTCGTCACGT-1	image_cluster_1
TTCACTCGAGCACCTA-1	image_cluster_1
TTCAGAGTAACCTGAC-1	image_cluster_0
TTCAGCCCTGGTCCAC-1	image_cluster_1
TTCAGCTGGCGTGCCC-1	image_cluster_3
TTCAGGCGTCAAAGCC-1	image_cluster_0
TTCATGGCGCAACAGG-1	image_cluster_1
TTCCAATCAGAGCTAG-1	image_cluster_0
TTCCAATCTGGCTATC-1	image_cluster_1
TTCCACACAGATTTGA-1	image_cluster_1
TTCCGCAGAGAAATAT-1	image_cluster_2
TTCCGCGTGAGGCGAT-1	image_cluster_3
TTCCGGCCTTGAGGCT-1	image_cluster_3
TTCCGGTTACCCACTT-1	image_cluster_1
TTCCTCGAGGGTGTCT-1	image_cluster_1
TTCCTCGGACTAACCA-1	image_cluster_1
TTCCTTTCTGTGTTGC-1	image_cluster_0
TTCGACAGAGCCCGTG-1	image_cluster_1
TTCGACGGGAAGGGCG-1	image_cluster_3
TTCGCACTCGCGTGCT-1	image_cluster_0
TTCGCACTGTACGACA-1	image_cluster_1
TTCGCATCCGGAAGCA-1	image_cluster_3
TTCGCGCGCCATACGA-1	image_cluster_1
TTCGCTATCTGACGTG-1	image_cluster_1
TTCGGCAACCCGCTGA-1	image_cluster_1
TTCGGCTAGAGATGGT-1	image_cluster_0
TTCGGGACTAATCGCG-1	image_cluster_1
TTCGGGCGCTAGTCTT-1	image_cluster_3
TTCGGTACTGTAGAGG-1	image_cluster_0
TTCGTAATCCCAGCGG-1	image_cluster_1
TTCGTACTCCAGAACG-1	image_cluster_3
TTCTAACCGAAGCTTA-1	image_cluster_1
TTCTACCTCAATCGGT-1	image_cluster_0
TTCTACTTGCGAGGGC-1	image_cluster_4
TTCTAGAAAGTCTTAT-1	image_cluster_1
TTCTAGGCCAATTGTG-1	image_cluster_0
TTCTATTAAACGCAGC-1	image_cluster_3
TTCTCAATTGCTACAA-1	image_cluster_3
TTCTGACCGGGCTCAA-1	image_cluster_1
TTCTGCCGCGCCTAGA-1	image_cluster_1
TTCTGCGAGCGCCCTT-1	image_cluster_3
TTCTGCGGGTTAGCGG-1	image_cluster_1
TTCTTAGTGAACGGTG-1	image_cluster_3
TTCTTAGTGGCTCAGA-1	image_cluster_3
TTCTTATCCGCTGGGT-1	image_cluster_0
TTCTTGAGCCGCGCTA-1	image_cluster_1
TTCTTGGACGATCTGC-1	image_cluster_0
TTCTTGGAGTAATGAG-1	image_cluster_1
TTCTTGTAACCTAATG-1	image_cluster_4
TTGAACGAATCCTTTG-1	image_cluster_4
TTGAACGACGTGCTGA-1	image_cluster_1
TTGAAGAATTCCCAGG-1	image_cluster_3
TTGAATATGGACTTTC-1	image_cluster_1
TTGAATTCACGTGAGG-1	image_cluster_4
TTGACAGGAGCTCCCG-1	image_cluster_0
TTGACATGAACGTGGA-1	image_cluster_0
TTGACCAGGAACAACT-1	image_cluster_4
TTGACCATGTTCTCCG-1	image_cluster_1
TTGACCGTGTTAATGA-1	image_cluster_3
TTGACGATTCAGCACG-1	image_cluster_1
TTGACGCTCCATGAGC-1	image_cluster_1
TTGACTACCATATGGT-1	image_cluster_1
TTGACTATTGTCCGGC-1	image_cluster_0
TTGAGAAGTTTAGCAT-1	image_cluster_1
TTGAGAGTACTGCTAA-1	image_cluster_1
TTGATCTAACTTTGTC-1	image_cluster_0
TTGATGCCGCTCGTCG-1	image_cluster_0
TTGATGTGTAGTCCCG-1	image_cluster_1
TTGATTAGCTGTTTCT-1	image_cluster_0
TTGATTATGCAGATGA-1	image_cluster_4
TTGCACAATTCAGAAA-1	image_cluster_1
TTGCACGGAGCAGCAC-1	image_cluster_1
TTGCATGCTGATCACG-1	image_cluster_0
TTGCCATAGCCCGCTC-1	image_cluster_0
TTGCCCTGATCACGGG-1	image_cluster_0
TTGCCGCAGACCTACA-1	image_cluster_0
TTGCCGCTTTCTAGTA-1	image_cluster_1
TTGCCTAATCCAAAGT-1	image_cluster_4
TTGCGGCATCAGAAAG-1	image_cluster_1
TTGCGTAGTTTGAGGA-1	image_cluster_4
TTGCGTCGGCCAACCG-1	image_cluster_1
TTGCTCCCATACCGGA-1	image_cluster_1
TTGCTGAAGGAACCAC-1	image_cluster_3
TTGCTGATCATGTTCG-1	image_cluster_1
TTGCTGCACCTATCCA-1	image_cluster_0
TTGCTGGCCGGGCTTC-1	image_cluster_1
TTGGAAGAATACAGTC-1	image_cluster_0
TTGGACATGTGGCTTA-1	image_cluster_0
TTGGACCATCTGGCAA-1	image_cluster_2
TTGGACCTATAACAGT-1	image_cluster_1
TTGGAGTCTCCCTTCT-1	image_cluster_3
TTGGATATCGTCTACG-1	image_cluster_0
TTGGATCGACTTCTGG-1	image_cluster_0
TTGGATTGGGTACCAC-1	image_cluster_4
TTGGCCATCTTGCGCT-1	image_cluster_0
TTGGCCTAGAATTTCG-1	image_cluster_1
TTGGCTCGCATGAGAC-1	image_cluster_4
TTGGGAAGACGAGCCG-1	image_cluster_0
TTGGGACACTGCCCGC-1	image_cluster_0
TTGGGCGGCGGTTGCC-1	image_cluster_3
TTGGTCACACTCGTAA-1	image_cluster_1
TTGGTTGCGGTGCGCG-1	image_cluster_0
TTGTAAGGACCTAAGT-1	image_cluster_0
TTGTAAGGCCAGTTGG-1	image_cluster_1
TTGTAATCCGTACTCG-1	image_cluster_1
TTGTATCACACAGAAT-1	image_cluster_4
TTGTCGTTCAGTTACC-1	image_cluster_1
TTGTGAACCTAATCCG-1	image_cluster_1
TTGTGCAGCCACGTCA-1	image_cluster_1
TTGTGGCCCTGACAGT-1	image_cluster_1
TTGTGGTAGGAGGGAT-1	image_cluster_0
TTGTGTATGCCACCAA-1	image_cluster_1
TTGTGTTTCCCGAAAG-1	image_cluster_3
TTGTTCAGTGTGCTAC-1	image_cluster_4
TTGTTGTGTGTCAAGA-1	image_cluster_3
TTGTTTCACATCCAGG-1	image_cluster_1
TTGTTTCATTAGTCTA-1	image_cluster_0
TTGTTTCCATACAACT-1	image_cluster_0
TTGTTTGTGTAAATTC-1	image_cluster_4
